record_id,search_timestamp,travel_date,lead_time_days,source_platform,origin_iata,dest_iata,route,origin_raw,dest_raw,airline_standardized,airline_raw,flight_number,departure_time,arrival_time,duration_minutes,duration_raw,cabin_class,total_fare_inr,base_fare_inr,fuel_surcharge_inr,udf_psf_inr,gst_inr,convenience_fee_inr,taxes_fees_inr,is_nonstop,stops_count,stop_info,raw_hash
SCR_GF_1789117502_001,2026-09-11 14:34:56,2026-09-12,1,google_flights,DEL,BOM,DEL-BOM,DEL,BOM,Air India,Air India,AI 310,11:00 PM,1:25 AM,145,2 hr 25 min,Economy,6314.0,3629.26,1707.88,710.0,266.86,0.0,2684.74,True,0,Non-Stop,a982fdd26790
SCR_GF_1789117502_002,2026-09-11 14:34:56,2026-09-12,1,google_flights,DEL,BOM,DEL-BOM,DEL,BOM,IndiGo,IndiGo,6E 337,6:00 PM,8:15 PM,135,2 hr 15 min,Economy,6425.0,3701.14,1741.72,710.0,272.14,0.0,2723.86,True,0,Non-Stop,5fd32ca49f2e
SCR_GF_1789117502_003,2026-09-11 14:34:56,2026-09-12,1,google_flights,DEL,BOM,DEL-BOM,DEL,BOM,Akasa Air,Akasa Air,QP 364,4:00 PM,6:20 PM,140,2 hr 20 min,Economy,6880.0,3995.81,1880.38,710.0,293.81,0.0,2884.19,True,0,Non-Stop,496b3f6142ed
SCR_GF_1789117502_004,2026-09-11 14:34:56,2026-09-12,1,google_flights,DEL,BOM,DEL-BOM,DEL,BOM,Air India,Air India,AI 391,5:00 AM,7:20 AM,140,2 hr 20 min,Economy,6314.0,3629.26,1707.88,710.0,266.86,0.0,2684.74,True,0,Non-Stop,a738804098a2
SCR_GF_1789117502_005,2026-09-11 14:34:56,2026-09-12,1,google_flights,DEL,BOM,DEL-BOM,DEL,BOM,IndiGo,IndiGo,6E 418,6:05 AM,8:20 AM,135,2 hr 15 min,Economy,6425.0,3701.14,1741.72,710.0,272.14,0.0,2723.86,True,0,Non-Stop,1a179b699c5b
SCR_GF_1789117503_006,2026-09-11 14:34:56,2026-09-12,1,google_flights,DEL,BOM,DEL-BOM,DEL,BOM,IndiGo,IndiGo,6E 445,7:15 AM,9:30 AM,135,2 hr 15 min,Economy,6425.0,3701.14,1741.72,710.0,272.14,0.0,2723.86,True,0,Non-Stop,c8e8deae7daa
SCR_GF_1789117503_007,2026-09-11 14:34:56,2026-09-12,1,google_flights,DEL,BOM,DEL-BOM,DEL,BOM,IndiGo,IndiGo,6E 472,2:00 PM,4:25 PM,145,2 hr 25 min,Economy,6425.0,3701.14,1741.72,710.0,272.14,0.0,2723.86,True,0,Non-Stop,ae643b29b28e
SCR_GF_1789117503_008,2026-09-11 14:34:56,2026-09-12,1,google_flights,DEL,BOM,DEL-BOM,DEL,BOM,IndiGo,IndiGo,6E 499,2:45 PM,5:00 PM,135,2 hr 15 min,Economy,6425.0,3701.14,1741.72,710.0,272.14,0.0,2723.86,True,0,Non-Stop,4880d7b44546
SCR_GF_1789117503_009,2026-09-11 14:34:56,2026-09-12,1,google_flights,DEL,BOM,DEL-BOM,DEL,BOM,IndiGo,IndiGo,6E 526,3:30 PM,5:45 PM,135,2 hr 15 min,Economy,6425.0,3701.14,1741.72,710.0,272.14,0.0,2723.86,True,0,Non-Stop,f2def2361127
SCR_GF_1789117503_010,2026-09-11 14:34:56,2026-09-12,1,google_flights,DEL,BOM,DEL-BOM,DEL,BOM,IndiGo,IndiGo,6E 553,4:15 PM,6:35 PM,140,2 hr 20 min,Economy,6425.0,3701.14,1741.72,710.0,272.14,0.0,2723.86,True,0,Non-Stop,02c1c0d6ee06
SCR_GF_1789117503_011,2026-09-11 14:34:56,2026-09-12,1,google_flights,DEL,BOM,DEL-BOM,DEL,BOM,IndiGo,IndiGo,6E 580,5:00 PM,7:15 PM,135,2 hr 15 min,Economy,6425.0,3701.14,1741.72,710.0,272.14,0.0,2723.86,True,0,Non-Stop,b0db3f3e6db6
SCR_GF_1789117503_012,2026-09-11 14:34:56,2026-09-12,1,google_flights,DEL,BOM,DEL-BOM,DEL,BOM,IndiGo,IndiGo,6E 607,7:00 PM,9:25 PM,145,2 hr 25 min,Economy,6425.0,3701.14,1741.72,710.0,272.14,0.0,2723.86,True,0,Non-Stop,01364cb19fdb
SCR_GF_1789117503_013,2026-09-11 14:34:56,2026-09-12,1,google_flights,DEL,BOM,DEL-BOM,DEL,BOM,IndiGo,IndiGo,6E 634,9:45 PM,12:05 AM,140,2 hr 20 min,Economy,6425.0,3701.14,1741.72,710.0,272.14,0.0,2723.86,True,0,Non-Stop,4a114a7b5368
SCR_GF_1789117503_014,2026-09-11 14:34:56,2026-09-12,1,google_flights,DEL,BOM,DEL-BOM,DEL,BOM,IndiGo,IndiGo,6E 661,10:45 PM,1:05 AM,140,2 hr 20 min,Economy,6425.0,3701.14,1741.72,710.0,272.14,0.0,2723.86,True,0,Non-Stop,2caa70b812b5
SCR_GF_1789117503_015,2026-09-11 14:34:56,2026-09-12,1,google_flights,DEL,BOM,DEL-BOM,DEL,BOM,IndiGo,IndiGo,6E 688,11:30 PM,1:45 AM,135,2 hr 15 min,Economy,6425.0,3701.14,1741.72,710.0,272.14,0.0,2723.86,True,0,Non-Stop,65b6b4b108e0
SCR_GF_1789117503_016,2026-09-11 14:34:56,2026-09-12,1,google_flights,DEL,BOM,DEL-BOM,DEL,BOM,Air India,Air India,AI 715,6:30 AM,8:50 AM,140,2 hr 20 min,Economy,6582.0,3802.82,1789.56,710.0,279.62,0.0,2779.18,True,0,Non-Stop,c3940120ca21
SCR_GF_1789117503_017,2026-09-11 14:34:56,2026-09-12,1,google_flights,DEL,BOM,DEL-BOM,DEL,BOM,Air India,Air India,AI 742,7:30 AM,9:55 AM,145,2 hr 25 min,Economy,6582.0,3802.82,1789.56,710.0,279.62,0.0,2779.18,True,0,Non-Stop,9142a783a87b
SCR_GF_1789117503_018,2026-09-11 14:34:56,2026-09-12,1,google_flights,DEL,BOM,DEL-BOM,DEL,BOM,Air India,Air India,AI 769,8:30 AM,10:45 AM,135,2 hr 15 min,Economy,6582.0,3802.82,1789.56,710.0,279.62,0.0,2779.18,True,0,Non-Stop,311aa346e5c7
SCR_GF_1789117503_019,2026-09-11 14:34:56,2026-09-12,1,google_flights,DEL,BOM,DEL-BOM,DEL,BOM,Air India,Air India,AI 796,8:55 AM,11:10 AM,135,2 hr 15 min,Economy,6582.0,3802.82,1789.56,710.0,279.62,0.0,2779.18,True,0,Non-Stop,6709bb802a14
SCR_GF_1789117503_020,2026-09-11 14:34:56,2026-09-12,1,google_flights,DEL,BOM,DEL-BOM,DEL,BOM,Air India,Air India,AI 823,9:00 AM,11:15 AM,135,2 hr 15 min,Economy,6582.0,3802.82,1789.56,710.0,279.62,0.0,2779.18,True,0,Non-Stop,c13f90896df0
SCR_GF_1789117503_021,2026-09-11 14:34:56,2026-09-12,1,google_flights,DEL,BOM,DEL-BOM,DEL,BOM,Air India,Air India,AI 850,9:30 AM,12:00 PM,150,2 hr 30 min,Economy,6582.0,3802.82,1789.56,710.0,279.62,0.0,2779.18,True,0,Non-Stop,eab4f5e046db
SCR_GF_1789117503_022,2026-09-11 14:34:56,2026-09-12,1,google_flights,DEL,BOM,DEL-BOM,DEL,BOM,Air India,Air India,AI 877,4:00 PM,6:25 PM,145,2 hr 25 min,Economy,6582.0,3802.82,1789.56,710.0,279.62,0.0,2779.18,True,0,Non-Stop,aa19515599c3
SCR_GF_1789117503_023,2026-09-11 14:34:56,2026-09-12,1,google_flights,DEL,BOM,DEL-BOM,DEL,BOM,Air India,Air India,AI 904,4:30 PM,6:50 PM,140,2 hr 20 min,Economy,6582.0,3802.82,1789.56,710.0,279.62,0.0,2779.18,True,0,Non-Stop,851e58702c43
SCR_GF_1789117504_024,2026-09-11 14:34:56,2026-09-12,1,google_flights,DEL,BOM,DEL-BOM,DEL,BOM,Air India,Air India,AI 931,5:00 PM,7:25 PM,145,2 hr 25 min,Economy,6582.0,3802.82,1789.56,710.0,279.62,0.0,2779.18,True,0,Non-Stop,e8dccb70b23f
SCR_GF_1789117504_025,2026-09-11 14:34:56,2026-09-12,1,google_flights,DEL,BOM,DEL-BOM,DEL,BOM,Air India,Air India,AI 958,6:00 PM,8:25 PM,145,2 hr 25 min,Economy,6582.0,3802.82,1789.56,710.0,279.62,0.0,2779.18,True,0,Non-Stop,b160dc5e9bad
SCR_GF_1789117504_026,2026-09-11 14:34:56,2026-09-12,1,google_flights,DEL,BOM,DEL-BOM,DEL,BOM,Air India,Air India,AI 985,7:00 PM,9:25 PM,145,2 hr 25 min,Economy,6582.0,3802.82,1789.56,710.0,279.62,0.0,2779.18,True,0,Non-Stop,7d0bf38601b6
SCR_GF_1789117504_027,2026-09-11 14:34:56,2026-09-12,1,google_flights,DEL,BOM,DEL-BOM,DEL,BOM,Air India,Air India,AI 332,7:30 PM,9:55 PM,145,2 hr 25 min,Economy,6582.0,3802.82,1789.56,710.0,279.62,0.0,2779.18,True,0,Non-Stop,3927819c34b7
SCR_GF_1789117504_028,2026-09-11 14:34:56,2026-09-12,1,google_flights,DEL,BOM,DEL-BOM,DEL,BOM,Air India,Air India,AI 359,9:00 PM,11:20 PM,140,2 hr 20 min,Economy,6582.0,3802.82,1789.56,710.0,279.62,0.0,2779.18,True,0,Non-Stop,ea86dc978a6f
SCR_GF_1789117504_029,2026-09-11 14:34:56,2026-09-12,1,google_flights,DEL,BOM,DEL-BOM,DEL,BOM,Air India,Air India,AI 386,9:30 PM,11:55 PM,145,2 hr 25 min,Economy,6582.0,3802.82,1789.56,710.0,279.62,0.0,2779.18,True,0,Non-Stop,c5244b451d5e
SCR_GF_1789117504_030,2026-09-11 14:34:56,2026-09-12,1,google_flights,DEL,BOM,DEL-BOM,DEL,BOM,IndiGo,IndiGo,6E 413,8:00 AM,10:20 AM,140,2 hr 20 min,Economy,6583.0,3803.47,1789.86,710.0,279.67,0.0,2779.53,True,0,Non-Stop,dbde69777842
SCR_GF_1789117504_031,2026-09-11 14:34:56,2026-09-12,1,google_flights,DEL,BOM,DEL-BOM,DEL,BOM,IndiGo,IndiGo,6E 440,8:45 AM,11:00 AM,135,2 hr 15 min,Economy,6583.0,3803.47,1789.86,710.0,279.67,0.0,2779.53,True,0,Non-Stop,0a46ca9b1403
SCR_GF_1789117504_032,2026-09-11 14:34:56,2026-09-12,1,google_flights,DEL,BOM,DEL-BOM,DEL,BOM,IndiGo,IndiGo,6E 467,9:30 AM,11:55 AM,145,2 hr 25 min,Economy,6583.0,3803.47,1789.86,710.0,279.67,0.0,2779.53,True,0,Non-Stop,5a8a0ab16177
SCR_GF_1789117504_033,2026-09-11 14:34:56,2026-09-12,1,google_flights,DEL,BOM,DEL-BOM,DEL,BOM,IndiGo,IndiGo,6E 494,10:15 AM,12:35 PM,140,2 hr 20 min,Economy,6583.0,3803.47,1789.86,710.0,279.67,0.0,2779.53,True,0,Non-Stop,03b59246fcc7
SCR_GF_1789117504_034,2026-09-11 14:34:56,2026-09-12,1,google_flights,DEL,BOM,DEL-BOM,DEL,BOM,IndiGo,IndiGo,6E 521,8:00 PM,10:10 PM,130,2 hr 10 min,Economy,6583.0,3803.47,1789.86,710.0,279.67,0.0,2779.53,True,0,Non-Stop,f1fe2c6103a9
SCR_GF_1789117504_035,2026-09-11 14:34:56,2026-09-12,1,google_flights,DEL,BOM,DEL-BOM,DEL,BOM,Air India,Air India,AI 548,7:00 AM,9:25 AM,145,2 hr 25 min,Economy,6740.0,3905.14,1837.72,710.0,287.14,0.0,2834.86,True,0,Non-Stop,7e36f72cb746
SCR_GF_1789117504_036,2026-09-11 14:34:56,2026-09-12,1,google_flights,DEL,BOM,DEL-BOM,DEL,BOM,Air India,Air India,AI 575,10:00 AM,12:25 PM,145,2 hr 25 min,Economy,6740.0,3905.14,1837.72,710.0,287.14,0.0,2834.86,True,0,Non-Stop,2ff63f93a6a5
SCR_GF_1789117504_037,2026-09-11 14:34:56,2026-09-12,1,google_flights,DEL,BOM,DEL-BOM,DEL,BOM,Air India,Air India,AI 602,3:30 PM,5:55 PM,145,2 hr 25 min,Economy,6740.0,3905.14,1837.72,710.0,287.14,0.0,2834.86,True,0,Non-Stop,541debc7ac21
SCR_GF_1789117504_038,2026-09-11 14:34:56,2026-09-12,1,google_flights,DEL,BOM,DEL-BOM,DEL,BOM,Air India,Air India,AI 629,8:30 PM,11:05 PM,155,2 hr 35 min,Economy,6740.0,3905.14,1837.72,710.0,287.14,0.0,2834.86,True,0,Non-Stop,88202818659e
SCR_GF_1789117504_039,2026-09-11 14:34:56,2026-09-12,1,google_flights,DEL,BOM,DEL-BOM,DEL,BOM,Air India Express,Air India Express,IX 656,11:25 PM,1:50 AM,145,2 hr 25 min,Economy,6779.0,3930.4,1849.6,710.0,289.0,0.0,2848.6,True,0,Non-Stop,88fe084c841a
SCR_GF_1789117504_040,2026-09-11 14:34:56,2026-09-12,1,google_flights,DEL,BOM,DEL-BOM,DEL,BOM,IndiGo,IndiGo,6E 683,5:00 AM,7:15 AM,135,2 hr 15 min,Economy,6793.0,3939.47,1853.86,710.0,289.67,0.0,2853.53,True,0,Non-Stop,33ec7396036b
SCR_GF_1789117504_041,2026-09-11 14:34:56,2026-09-12,1,google_flights,DEL,BOM,DEL-BOM,DEL,BOM,IndiGo,IndiGo,6E 710,11:00 AM,1:15 PM,135,2 hr 15 min,Economy,6793.0,3939.47,1853.86,710.0,289.67,0.0,2853.53,True,0,Non-Stop,bc200e53cc6b
SCR_GF_1789117504_042,2026-09-11 14:34:56,2026-09-12,1,google_flights,DEL,BOM,DEL-BOM,DEL,BOM,Akasa Air,Akasa Air,QP 737,6:50 AM,9:10 AM,140,2 hr 20 min,Economy,6880.0,3995.81,1880.38,710.0,293.81,0.0,2884.19,True,0,Non-Stop,5e6eb00ed619
SCR_GF_1789117504_043,2026-09-11 14:34:56,2026-09-12,1,google_flights,DEL,BOM,DEL-BOM,DEL,BOM,Akasa Air,Akasa Air,QP 764,7:55 PM,10:20 PM,145,2 hr 25 min,Economy,6880.0,3995.81,1880.38,710.0,293.81,0.0,2884.19,True,0,Non-Stop,98d701bce027
SCR_GF_1789117504_044,2026-09-11 14:34:56,2026-09-12,1,google_flights,DEL,BOM,DEL-BOM,DEL,BOM,Air India,Air India,AI 791,11:00 AM,1:25 PM,145,2 hr 25 min,Economy,6950.0,4041.14,1901.72,710.0,297.14,0.0,2908.86,True,0,Non-Stop,393fc6519ae7
SCR_GF_1789117504_045,2026-09-11 14:34:56,2026-09-12,1,google_flights,DEL,BOM,DEL-BOM,DEL,BOM,IndiGo,IndiGo,6E 818,12:00 PM,2:15 PM,135,2 hr 15 min,Economy,7055.0,4109.14,1933.72,710.0,302.14,0.0,2945.86,True,0,Non-Stop,f5999c7fcd2a
SCR_GF_1789117505_046,2026-09-11 14:34:56,2026-09-12,1,google_flights,DEL,BOM,DEL-BOM,DEL,BOM,IndiGo,IndiGo,6E 845,1:00 PM,3:10 PM,130,2 hr 10 min,Economy,7055.0,4109.14,1933.72,710.0,302.14,0.0,2945.86,True,0,Non-Stop,ad49939fc168
SCR_GF_1789117505_047,2026-09-11 14:34:56,2026-09-12,1,google_flights,DEL,BOM,DEL-BOM,DEL,BOM,Akasa Air,Akasa Air,QP 872,5:30 PM,7:45 PM,135,2 hr 15 min,Economy,7079.0,4124.69,1941.02,710.0,303.29,0.0,2954.31,True,0,Non-Stop,2574e86704b1
SCR_GF_1789117505_048,2026-09-11 14:34:56,2026-09-12,1,google_flights,DEL,BOM,DEL-BOM,DEL,BOM,Akasa Air,Akasa Air,QP 899,8:40 AM,11:05 AM,145,2 hr 25 min,Economy,7201.0,4203.7,1978.2,710.0,309.1,0.0,2997.3,True,0,Non-Stop,20ce2d831540
SCR_GF_1789117505_049,2026-09-11 14:34:56,2026-09-12,1,google_flights,DEL,BOM,DEL-BOM,DEL,BOM,Akasa Air,Akasa Air,QP 926,9:20 AM,11:40 AM,140,2 hr 20 min,Economy,7201.0,4203.7,1978.2,710.0,309.1,0.0,2997.3,True,0,Non-Stop,a331eac40e75
SCR_GF_1789117505_050,2026-09-11 14:34:56,2026-09-12,1,google_flights,DEL,BOM,DEL-BOM,DEL,BOM,Air India,Air India,AI 953,12:00 PM,2:25 PM,145,2 hr 25 min,Economy,7212.0,4210.82,1981.56,710.0,309.62,0.0,3001.18,True,0,Non-Stop,a8293f40bf10
SCR_GF_1789117505_051,2026-09-11 14:34:56,2026-09-12,1,google_flights,DEL,BOM,DEL-BOM,DEL,BOM,Akasa Air,Akasa Air,QP 980,10:30 AM,12:45 PM,135,2 hr 15 min,Economy,7327.0,4285.3,2016.6,710.0,315.1,0.0,3041.7,True,0,Non-Stop,c90c9e5b5255
SCR_GF_1789117505_052,2026-09-11 14:34:56,2026-09-12,1,google_flights,DEL,BOM,DEL-BOM,DEL,BOM,Air India,Air India,AI 327,1:30 PM,3:50 PM,140,2 hr 20 min,Economy,7391.0,4326.74,2036.12,710.0,318.14,0.0,3064.26,True,0,Non-Stop,336cd830f5ff
SCR_GF_1789117505_053,2026-09-11 14:34:56,2026-09-12,1,google_flights,DEL,BOM,DEL-BOM,DEL,BOM,Akasa Air,Akasa Air,QP 354,12:30 PM,2:55 PM,145,2 hr 25 min,Economy,7851.0,4624.65,2176.3,710.0,340.05,0.0,3226.35,True,0,Non-Stop,37ff628a3c2c
SCR_GF_1789117505_054,2026-09-11 14:34:56,2026-09-12,1,google_flights,DEL,BOM,DEL-BOM,DEL,BOM,Akasa Air,Akasa Air,QP 381,2:00 AM,4:15 AM,135,2 hr 15 min,Economy,9033.0,5390.13,2536.54,710.0,396.33,0.0,3642.87,True,0,Non-Stop,c7a9b1d95409
SCR_GF_1789117505_055,2026-09-11 14:34:56,2026-09-12,1,google_flights,DEL,BOM,DEL-BOM,DEL,BOM,Air India Express,Air India Express,IX 408,5:35 AM,8:05 AM,150,2 hr 30 min,Economy,9756.0,5858.36,2756.88,710.0,430.76,0.0,3897.64,True,0,Non-Stop,1563edfd4562
SCR_GF_1789117505_056,2026-09-11 14:34:56,2026-09-12,1,google_flights,DEL,BOM,DEL-BOM,DEL,BOM,SpiceJet,SpiceJet,SG 435,10:45 PM,1:25 AM,160,2 hr 40 min,Economy,19603.0,12235.47,5757.86,710.0,899.67,0.0,7367.53,True,0,Non-Stop,8c57e3523ac3
SCR_GF_1789117505_057,2026-09-11 14:34:56,2026-09-12,1,google_flights,DEL,BOM,DEL-BOM,DEL,BOM,IndiGo,IndiGo,6E 462,11:00,1:25,145,2 hr 25 min,Economy,6314.0,3629.26,1707.88,710.0,266.86,0.0,2684.74,True,0,Non-Stop,6ae3352412e8
SCR_GF_1789117505_058,2026-09-11 14:34:56,2026-09-12,1,google_flights,DEL,BOM,DEL-BOM,DEL,BOM,IndiGo,IndiGo,6E 489,6:00,8:15,135,2 hr 15 min,Economy,6425.0,3701.14,1741.72,710.0,272.14,0.0,2723.86,True,0,Non-Stop,94a132b0465f
SCR_GF_1789117505_059,2026-09-11 14:34:56,2026-09-12,1,google_flights,DEL,BOM,DEL-BOM,DEL,BOM,IndiGo,IndiGo,6E 516,4:00,6:20,140,2 hr 20 min,Economy,6880.0,3995.81,1880.38,710.0,293.81,0.0,2884.19,True,0,Non-Stop,1d812a67f144
SCR_GF_1789117505_060,2026-09-11 14:34:56,2026-09-12,1,google_flights,DEL,BOM,DEL-BOM,DEL,BOM,IndiGo,IndiGo,6E 543,5:00,7:20,140,2 hr 20 min,Economy,6314.0,3629.26,1707.88,710.0,266.86,0.0,2684.74,True,0,Non-Stop,87dd1f03f4fd
SCR_GF_1789117505_061,2026-09-11 14:34:56,2026-09-12,1,google_flights,DEL,BOM,DEL-BOM,DEL,BOM,IndiGo,IndiGo,6E 570,6:05,8:20,135,2 hr 15 min,Economy,6425.0,3701.14,1741.72,710.0,272.14,0.0,2723.86,True,0,Non-Stop,7aadb0d37c9c
SCR_GF_1789117505_062,2026-09-11 14:34:56,2026-09-12,1,google_flights,DEL,BOM,DEL-BOM,DEL,BOM,IndiGo,IndiGo,6E 597,7:15,9:30,135,2 hr 15 min,Economy,6425.0,3701.14,1741.72,710.0,272.14,0.0,2723.86,True,0,Non-Stop,c7f0a62fe4ca
SCR_GF_1789117505_063,2026-09-11 14:34:56,2026-09-12,1,google_flights,DEL,BOM,DEL-BOM,DEL,BOM,IndiGo,IndiGo,6E 624,2:00,4:25,145,2 hr 25 min,Economy,6425.0,3701.14,1741.72,710.0,272.14,0.0,2723.86,True,0,Non-Stop,0a1bf33c76d1
SCR_GF_1789117505_064,2026-09-11 14:34:56,2026-09-12,1,google_flights,DEL,BOM,DEL-BOM,DEL,BOM,IndiGo,IndiGo,6E 651,2:45,5:00,135,2 hr 15 min,Economy,6425.0,3701.14,1741.72,710.0,272.14,0.0,2723.86,True,0,Non-Stop,54a869d2f384
SCR_GF_1789117505_065,2026-09-11 14:34:56,2026-09-12,1,google_flights,DEL,BOM,DEL-BOM,DEL,BOM,IndiGo,IndiGo,6E 678,3:30,5:45,135,2 hr 15 min,Economy,6425.0,3701.14,1741.72,710.0,272.14,0.0,2723.86,True,0,Non-Stop,ddfc32d2d3cf
SCR_GF_1789117505_066,2026-09-11 14:34:56,2026-09-12,1,google_flights,DEL,BOM,DEL-BOM,DEL,BOM,IndiGo,IndiGo,6E 705,4:15,6:35,140,2 hr 20 min,Economy,6425.0,3701.14,1741.72,710.0,272.14,0.0,2723.86,True,0,Non-Stop,a873bee85659
SCR_GF_1789117505_067,2026-09-11 14:34:56,2026-09-12,1,google_flights,DEL,BOM,DEL-BOM,DEL,BOM,IndiGo,IndiGo,6E 732,5:00,7:15,135,2 hr 15 min,Economy,6425.0,3701.14,1741.72,710.0,272.14,0.0,2723.86,True,0,Non-Stop,095d58e6688e
SCR_GF_1789117506_068,2026-09-11 14:34:56,2026-09-12,1,google_flights,DEL,BOM,DEL-BOM,DEL,BOM,IndiGo,IndiGo,6E 759,7:00,9:25,145,2 hr 25 min,Economy,6425.0,3701.14,1741.72,710.0,272.14,0.0,2723.86,True,0,Non-Stop,bbf93d2b2825
SCR_GF_1789117506_069,2026-09-11 14:34:56,2026-09-12,1,google_flights,DEL,BOM,DEL-BOM,DEL,BOM,IndiGo,IndiGo,6E 786,9:45,12:05,140,2 hr 20 min,Economy,6425.0,3701.14,1741.72,710.0,272.14,0.0,2723.86,True,0,Non-Stop,e2fbdd6229d9
SCR_GF_1789117506_070,2026-09-11 14:34:56,2026-09-12,1,google_flights,DEL,BOM,DEL-BOM,DEL,BOM,IndiGo,IndiGo,6E 813,10:45,1:05,140,2 hr 20 min,Economy,6425.0,3701.14,1741.72,710.0,272.14,0.0,2723.86,True,0,Non-Stop,787ad38f34ef
SCR_GF_1789117506_071,2026-09-11 14:34:56,2026-09-12,1,google_flights,DEL,BOM,DEL-BOM,DEL,BOM,IndiGo,IndiGo,6E 840,11:30,1:45,135,2 hr 15 min,Economy,6425.0,3701.14,1741.72,710.0,272.14,0.0,2723.86,True,0,Non-Stop,ebaa0854c422
SCR_GF_1789117506_072,2026-09-11 14:34:56,2026-09-12,1,google_flights,DEL,BOM,DEL-BOM,DEL,BOM,IndiGo,IndiGo,6E 867,6:30,8:50,140,2 hr 20 min,Economy,6582.0,3802.82,1789.56,710.0,279.62,0.0,2779.18,True,0,Non-Stop,f2b9703b7e45
SCR_GF_1789117506_073,2026-09-11 14:34:56,2026-09-12,1,google_flights,DEL,BOM,DEL-BOM,DEL,BOM,IndiGo,IndiGo,6E 894,7:30,9:55,145,2 hr 25 min,Economy,6582.0,3802.82,1789.56,710.0,279.62,0.0,2779.18,True,0,Non-Stop,e89ea87a4172
SCR_GF_1789117506_074,2026-09-11 14:34:56,2026-09-12,1,google_flights,DEL,BOM,DEL-BOM,DEL,BOM,IndiGo,IndiGo,6E 921,8:30,10:45,135,2 hr 15 min,Economy,6582.0,3802.82,1789.56,710.0,279.62,0.0,2779.18,True,0,Non-Stop,7cc92a432768
SCR_GF_1789117506_075,2026-09-11 14:34:56,2026-09-12,1,google_flights,DEL,BOM,DEL-BOM,DEL,BOM,IndiGo,IndiGo,6E 948,8:55,11:10,135,2 hr 15 min,Economy,6582.0,3802.82,1789.56,710.0,279.62,0.0,2779.18,True,0,Non-Stop,dca7140a1ed2
SCR_GF_1789117506_076,2026-09-11 14:34:56,2026-09-12,1,google_flights,DEL,BOM,DEL-BOM,DEL,BOM,IndiGo,IndiGo,6E 975,9:00,11:15,135,2 hr 15 min,Economy,6582.0,3802.82,1789.56,710.0,279.62,0.0,2779.18,True,0,Non-Stop,2f1781fb7737
SCR_GF_1789117506_077,2026-09-11 14:34:56,2026-09-12,1,google_flights,DEL,BOM,DEL-BOM,DEL,BOM,IndiGo,IndiGo,6E 322,9:30,12:00,150,2 hr 30 min,Economy,6582.0,3802.82,1789.56,710.0,279.62,0.0,2779.18,True,0,Non-Stop,d9075c208030
SCR_GF_1789117506_078,2026-09-11 14:34:56,2026-09-12,1,google_flights,DEL,BOM,DEL-BOM,DEL,BOM,IndiGo,IndiGo,6E 349,4:00,6:25,145,2 hr 25 min,Economy,6582.0,3802.82,1789.56,710.0,279.62,0.0,2779.18,True,0,Non-Stop,872df8ae976a
SCR_GF_1789117506_079,2026-09-11 14:34:56,2026-09-12,1,google_flights,DEL,BOM,DEL-BOM,DEL,BOM,IndiGo,IndiGo,6E 376,4:30,6:50,140,2 hr 20 min,Economy,6582.0,3802.82,1789.56,710.0,279.62,0.0,2779.18,True,0,Non-Stop,3fd5331ed708
SCR_GF_1789117506_080,2026-09-11 14:34:56,2026-09-12,1,google_flights,DEL,BOM,DEL-BOM,DEL,BOM,IndiGo,IndiGo,6E 403,5:00,7:25,145,2 hr 25 min,Economy,6582.0,3802.82,1789.56,710.0,279.62,0.0,2779.18,True,0,Non-Stop,0da4f8fbd976
SCR_GF_1789117506_081,2026-09-11 14:34:56,2026-09-12,1,google_flights,DEL,BOM,DEL-BOM,DEL,BOM,IndiGo,IndiGo,6E 430,6:00,8:25,145,2 hr 25 min,Economy,6582.0,3802.82,1789.56,710.0,279.62,0.0,2779.18,True,0,Non-Stop,f6c94d25c6d9
SCR_GF_1789117506_082,2026-09-11 14:34:56,2026-09-12,1,google_flights,DEL,BOM,DEL-BOM,DEL,BOM,IndiGo,IndiGo,6E 457,7:00,9:25,145,2 hr 25 min,Economy,6582.0,3802.82,1789.56,710.0,279.62,0.0,2779.18,True,0,Non-Stop,f2c7eb11a434
SCR_GF_1789117506_083,2026-09-11 14:34:56,2026-09-12,1,google_flights,DEL,BOM,DEL-BOM,DEL,BOM,IndiGo,IndiGo,6E 484,7:30,9:55,145,2 hr 25 min,Economy,6582.0,3802.82,1789.56,710.0,279.62,0.0,2779.18,True,0,Non-Stop,e89ea87a4172
SCR_GF_1789117506_084,2026-09-11 14:34:56,2026-09-12,1,google_flights,DEL,BOM,DEL-BOM,DEL,BOM,IndiGo,IndiGo,6E 511,9:00,11:20,140,2 hr 20 min,Economy,6582.0,3802.82,1789.56,710.0,279.62,0.0,2779.18,True,0,Non-Stop,2f1781fb7737
SCR_GF_1789117506_085,2026-09-11 14:34:56,2026-09-12,1,google_flights,DEL,BOM,DEL-BOM,DEL,BOM,IndiGo,IndiGo,6E 538,9:30,11:55,145,2 hr 25 min,Economy,6582.0,3802.82,1789.56,710.0,279.62,0.0,2779.18,True,0,Non-Stop,d9075c208030
SCR_GF_1789117506_086,2026-09-11 14:34:56,2026-09-12,1,google_flights,DEL,BOM,DEL-BOM,DEL,BOM,IndiGo,IndiGo,6E 565,8:00,10:20,140,2 hr 20 min,Economy,6583.0,3803.47,1789.86,710.0,279.67,0.0,2779.53,True,0,Non-Stop,e3bee617319e
SCR_GF_1789117506_087,2026-09-11 14:34:56,2026-09-12,1,google_flights,DEL,BOM,DEL-BOM,DEL,BOM,IndiGo,IndiGo,6E 592,8:45,11:00,135,2 hr 15 min,Economy,6583.0,3803.47,1789.86,710.0,279.67,0.0,2779.53,True,0,Non-Stop,0f49d35e0a26
SCR_GF_1789117506_088,2026-09-11 14:34:56,2026-09-12,1,google_flights,DEL,BOM,DEL-BOM,DEL,BOM,IndiGo,IndiGo,6E 619,9:30,11:55,145,2 hr 25 min,Economy,6583.0,3803.47,1789.86,710.0,279.67,0.0,2779.53,True,0,Non-Stop,8415da01b4ce
SCR_GF_1789117506_089,2026-09-11 14:34:56,2026-09-12,1,google_flights,DEL,BOM,DEL-BOM,DEL,BOM,IndiGo,IndiGo,6E 646,10:15,12:35,140,2 hr 20 min,Economy,6583.0,3803.47,1789.86,710.0,279.67,0.0,2779.53,True,0,Non-Stop,b228737b2285
SCR_GF_1789117506_090,2026-09-11 14:34:56,2026-09-12,1,google_flights,DEL,BOM,DEL-BOM,DEL,BOM,IndiGo,IndiGo,6E 673,8:00,10:10,130,2 hr 10 min,Economy,6583.0,3803.47,1789.86,710.0,279.67,0.0,2779.53,True,0,Non-Stop,e3bee617319e
SCR_GF_1789117506_091,2026-09-11 14:34:56,2026-09-12,1,google_flights,DEL,BOM,DEL-BOM,DEL,BOM,IndiGo,IndiGo,6E 700,7:00,9:25,145,2 hr 25 min,Economy,6740.0,3905.14,1837.72,710.0,287.14,0.0,2834.86,True,0,Non-Stop,9760aad39f3d
SCR_GF_1789117507_092,2026-09-11 14:34:56,2026-09-12,1,google_flights,DEL,BOM,DEL-BOM,DEL,BOM,IndiGo,IndiGo,6E 727,10:00,12:25,145,2 hr 25 min,Economy,6740.0,3905.14,1837.72,710.0,287.14,0.0,2834.86,True,0,Non-Stop,6b2c3ec7f403
SCR_GF_1789117507_093,2026-09-11 14:34:56,2026-09-12,1,google_flights,DEL,BOM,DEL-BOM,DEL,BOM,IndiGo,IndiGo,6E 754,3:30,5:55,145,2 hr 25 min,Economy,6740.0,3905.14,1837.72,710.0,287.14,0.0,2834.86,True,0,Non-Stop,ba949b86864f
SCR_GF_1789117507_094,2026-09-11 14:34:56,2026-09-12,1,google_flights,DEL,BOM,DEL-BOM,DEL,BOM,IndiGo,IndiGo,6E 781,8:30,11:05,155,2 hr 35 min,Economy,6740.0,3905.14,1837.72,710.0,287.14,0.0,2834.86,True,0,Non-Stop,1d4981de6e99
SCR_GF_1789117507_095,2026-09-11 14:34:56,2026-09-12,1,google_flights,DEL,BOM,DEL-BOM,DEL,BOM,IndiGo,IndiGo,6E 808,11:25,1:50,145,2 hr 25 min,Economy,6779.0,3930.4,1849.6,710.0,289.0,0.0,2848.6,True,0,Non-Stop,51564465ed34
SCR_GF_1789117507_096,2026-09-11 14:34:56,2026-09-12,1,google_flights,DEL,BOM,DEL-BOM,DEL,BOM,IndiGo,IndiGo,6E 835,5:00,7:15,135,2 hr 15 min,Economy,6793.0,3939.47,1853.86,710.0,289.67,0.0,2853.53,True,0,Non-Stop,430664670299
SCR_GF_1789117507_097,2026-09-11 14:34:56,2026-09-12,1,google_flights,DEL,BOM,DEL-BOM,DEL,BOM,IndiGo,IndiGo,6E 862,11:00,1:15,135,2 hr 15 min,Economy,6793.0,3939.47,1853.86,710.0,289.67,0.0,2853.53,True,0,Non-Stop,a012fd7d34b9
SCR_GF_1789117507_098,2026-09-11 14:34:56,2026-09-12,1,google_flights,DEL,BOM,DEL-BOM,DEL,BOM,IndiGo,IndiGo,6E 889,6:50,9:10,140,2 hr 20 min,Economy,6880.0,3995.81,1880.38,710.0,293.81,0.0,2884.19,True,0,Non-Stop,db9e79637612
SCR_GF_1789117507_099,2026-09-11 14:34:56,2026-09-12,1,google_flights,DEL,BOM,DEL-BOM,DEL,BOM,IndiGo,IndiGo,6E 916,7:55,10:20,145,2 hr 25 min,Economy,6880.0,3995.81,1880.38,710.0,293.81,0.0,2884.19,True,0,Non-Stop,557cc5fb6a14
SCR_GF_1789117507_100,2026-09-11 14:34:56,2026-09-12,1,google_flights,DEL,BOM,DEL-BOM,DEL,BOM,IndiGo,IndiGo,6E 943,11:00,1:25,145,2 hr 25 min,Economy,6950.0,4041.14,1901.72,710.0,297.14,0.0,2908.86,True,0,Non-Stop,f6082ffff15b
SCR_GF_1789117507_101,2026-09-11 14:34:56,2026-09-12,1,google_flights,DEL,BOM,DEL-BOM,DEL,BOM,IndiGo,IndiGo,6E 970,12:00,2:15,135,2 hr 15 min,Economy,7055.0,4109.14,1933.72,710.0,302.14,0.0,2945.86,True,0,Non-Stop,325169dc3ef0
SCR_GF_1789117507_102,2026-09-11 14:34:56,2026-09-12,1,google_flights,DEL,BOM,DEL-BOM,DEL,BOM,IndiGo,IndiGo,6E 317,1:00,3:10,130,2 hr 10 min,Economy,7055.0,4109.14,1933.72,710.0,302.14,0.0,2945.86,True,0,Non-Stop,d2d40e93669c
SCR_GF_1789117507_103,2026-09-11 14:34:56,2026-09-12,1,google_flights,DEL,BOM,DEL-BOM,DEL,BOM,IndiGo,IndiGo,6E 344,5:30,7:45,135,2 hr 15 min,Economy,7079.0,4124.69,1941.02,710.0,303.29,0.0,2954.31,True,0,Non-Stop,7c7b17c12a54
SCR_GF_1789117507_104,2026-09-11 14:34:56,2026-09-12,1,google_flights,DEL,BOM,DEL-BOM,DEL,BOM,IndiGo,IndiGo,6E 371,8:40,11:05,145,2 hr 25 min,Economy,7201.0,4203.7,1978.2,710.0,309.1,0.0,2997.3,True,0,Non-Stop,6e235fde6a08
SCR_GF_1789117507_105,2026-09-11 14:34:56,2026-09-12,1,google_flights,DEL,BOM,DEL-BOM,DEL,BOM,IndiGo,IndiGo,6E 398,9:20,11:40,140,2 hr 20 min,Economy,7201.0,4203.7,1978.2,710.0,309.1,0.0,2997.3,True,0,Non-Stop,83144aa7ab7e
SCR_GF_1789117507_106,2026-09-11 14:34:56,2026-09-12,1,google_flights,DEL,BOM,DEL-BOM,DEL,BOM,IndiGo,IndiGo,6E 425,12:00,2:25,145,2 hr 25 min,Economy,7212.0,4210.82,1981.56,710.0,309.62,0.0,3001.18,True,0,Non-Stop,316b30f29783
SCR_GF_1789117507_107,2026-09-11 14:34:56,2026-09-12,1,google_flights,DEL,BOM,DEL-BOM,DEL,BOM,IndiGo,IndiGo,6E 452,10:30,12:45,135,2 hr 15 min,Economy,7327.0,4285.3,2016.6,710.0,315.1,0.0,3041.7,True,0,Non-Stop,033c7f97e8b7
SCR_GF_1789117507_108,2026-09-11 14:34:56,2026-09-12,1,google_flights,DEL,BOM,DEL-BOM,DEL,BOM,IndiGo,IndiGo,6E 479,1:30,3:50,140,2 hr 20 min,Economy,7391.0,4326.74,2036.12,710.0,318.14,0.0,3064.26,True,0,Non-Stop,62889d6db932
SCR_GF_1789117507_109,2026-09-11 14:34:56,2026-09-12,1,google_flights,DEL,BOM,DEL-BOM,DEL,BOM,IndiGo,IndiGo,6E 506,12:30,2:55,145,2 hr 25 min,Economy,7851.0,4624.65,2176.3,710.0,340.05,0.0,3226.35,True,0,Non-Stop,1ec5ba8eaf6b
SCR_GF_1789117507_110,2026-09-11 14:34:56,2026-09-12,1,google_flights,DEL,BOM,DEL-BOM,DEL,BOM,IndiGo,IndiGo,6E 533,2:00,4:15,135,2 hr 15 min,Economy,9033.0,5390.13,2536.54,710.0,396.33,0.0,3642.87,True,0,Non-Stop,1181fd4ff440
SCR_GF_1789117507_111,2026-09-11 14:34:56,2026-09-12,1,google_flights,DEL,BOM,DEL-BOM,DEL,BOM,IndiGo,IndiGo,6E 560,5:35,8:05,150,2 hr 30 min,Economy,9756.0,5858.36,2756.88,710.0,430.76,0.0,3897.64,True,0,Non-Stop,f54fc9aaa521
SCR_GF_1789117507_112,2026-09-11 14:34:56,2026-09-12,1,google_flights,DEL,BOM,DEL-BOM,DEL,BOM,IndiGo,IndiGo,6E 587,10:45,1:25,160,2 hr 40 min,Economy,19603.0,12235.47,5757.86,710.0,899.67,0.0,7367.53,True,0,Non-Stop,0c88d5ba6ec7
SCR_GF_1789117513_001,2026-09-11 14:35:07,2026-09-18,7,google_flights,DEL,BOM,DEL-BOM,DEL,BOM,IndiGo,IndiGo,6E 310,2:45 PM,5:00 PM,135,2 hr 15 min,Economy,6425.0,3701.14,1741.72,710.0,272.14,0.0,2723.86,True,0,Non-Stop,d172306e3d4d
SCR_GF_1789117514_002,2026-09-11 14:35:07,2026-09-18,7,google_flights,DEL,BOM,DEL-BOM,DEL,BOM,Air India Express,Air India Express,IX 337,5:35 AM,8:05 AM,150,2 hr 30 min,Economy,6610.0,3820.95,1798.1,710.0,280.95,0.0,2789.05,True,0,Non-Stop,e550cb10cf80
SCR_GF_1789117514_003,2026-09-11 14:35:07,2026-09-18,7,google_flights,DEL,BOM,DEL-BOM,DEL,BOM,Akasa Air,Akasa Air,QP 364,4:00 PM,6:20 PM,140,2 hr 20 min,Economy,6880.0,3995.81,1880.38,710.0,293.81,0.0,2884.19,True,0,Non-Stop,7869d26a156c
SCR_GF_1789117514_004,2026-09-11 14:35:07,2026-09-18,7,google_flights,DEL,BOM,DEL-BOM,DEL,BOM,IndiGo,IndiGo,6E 391,5:00 AM,7:15 AM,135,2 hr 15 min,Economy,6425.0,3701.14,1741.72,710.0,272.14,0.0,2723.86,True,0,Non-Stop,caddf0bc3632
SCR_GF_1789117514_005,2026-09-11 14:35:07,2026-09-18,7,google_flights,DEL,BOM,DEL-BOM,DEL,BOM,IndiGo,IndiGo,6E 418,8:45 AM,11:00 AM,135,2 hr 15 min,Economy,6425.0,3701.14,1741.72,710.0,272.14,0.0,2723.86,True,0,Non-Stop,780a48b56e1d
SCR_GF_1789117514_006,2026-09-11 14:35:07,2026-09-18,7,google_flights,DEL,BOM,DEL-BOM,DEL,BOM,IndiGo,IndiGo,6E 445,9:30 AM,11:55 AM,145,2 hr 25 min,Economy,6425.0,3701.14,1741.72,710.0,272.14,0.0,2723.86,True,0,Non-Stop,3883e8e50c2b
SCR_GF_1789117514_007,2026-09-11 14:35:07,2026-09-18,7,google_flights,DEL,BOM,DEL-BOM,DEL,BOM,IndiGo,IndiGo,6E 472,10:15 AM,12:35 PM,140,2 hr 20 min,Economy,6425.0,3701.14,1741.72,710.0,272.14,0.0,2723.86,True,0,Non-Stop,6020599b615f
SCR_GF_1789117514_008,2026-09-11 14:35:07,2026-09-18,7,google_flights,DEL,BOM,DEL-BOM,DEL,BOM,IndiGo,IndiGo,6E 499,11:00 AM,1:15 PM,135,2 hr 15 min,Economy,6425.0,3701.14,1741.72,710.0,272.14,0.0,2723.86,True,0,Non-Stop,684c89e248e3
SCR_GF_1789117514_009,2026-09-11 14:35:07,2026-09-18,7,google_flights,DEL,BOM,DEL-BOM,DEL,BOM,IndiGo,IndiGo,6E 526,12:00 PM,2:15 PM,135,2 hr 15 min,Economy,6425.0,3701.14,1741.72,710.0,272.14,0.0,2723.86,True,0,Non-Stop,090f6f306206
SCR_GF_1789117514_010,2026-09-11 14:35:07,2026-09-18,7,google_flights,DEL,BOM,DEL-BOM,DEL,BOM,IndiGo,IndiGo,6E 553,1:00 PM,3:10 PM,130,2 hr 10 min,Economy,6425.0,3701.14,1741.72,710.0,272.14,0.0,2723.86,True,0,Non-Stop,5772d0ebb6f5
SCR_GF_1789117514_011,2026-09-11 14:35:07,2026-09-18,7,google_flights,DEL,BOM,DEL-BOM,DEL,BOM,IndiGo,IndiGo,6E 580,2:00 PM,4:25 PM,145,2 hr 25 min,Economy,6425.0,3701.14,1741.72,710.0,272.14,0.0,2723.86,True,0,Non-Stop,757fd2253079
SCR_GF_1789117514_012,2026-09-11 14:35:07,2026-09-18,7,google_flights,DEL,BOM,DEL-BOM,DEL,BOM,IndiGo,IndiGo,6E 607,3:30 PM,5:45 PM,135,2 hr 15 min,Economy,6425.0,3701.14,1741.72,710.0,272.14,0.0,2723.86,True,0,Non-Stop,b9a773e84455
SCR_GF_1789117514_013,2026-09-11 14:35:07,2026-09-18,7,google_flights,DEL,BOM,DEL-BOM,DEL,BOM,IndiGo,IndiGo,6E 634,6:05 AM,8:20 AM,135,2 hr 15 min,Economy,6583.0,3803.47,1789.86,710.0,279.67,0.0,2779.53,True,0,Non-Stop,cd86e0c194a8
SCR_GF_1789117514_014,2026-09-11 14:35:07,2026-09-18,7,google_flights,DEL,BOM,DEL-BOM,DEL,BOM,IndiGo,IndiGo,6E 661,4:15 PM,6:35 PM,140,2 hr 20 min,Economy,6583.0,3803.47,1789.86,710.0,279.67,0.0,2779.53,True,0,Non-Stop,70c4c4213193
SCR_GF_1789117514_015,2026-09-11 14:35:07,2026-09-18,7,google_flights,DEL,BOM,DEL-BOM,DEL,BOM,IndiGo,IndiGo,6E 688,7:15 AM,9:30 AM,135,2 hr 15 min,Economy,6793.0,3939.47,1853.86,710.0,289.67,0.0,2853.53,True,0,Non-Stop,e3ce78997037
SCR_GF_1789117514_016,2026-09-11 14:35:07,2026-09-18,7,google_flights,DEL,BOM,DEL-BOM,DEL,BOM,IndiGo,IndiGo,6E 715,8:00 AM,10:20 AM,140,2 hr 20 min,Economy,6793.0,3939.47,1853.86,710.0,289.67,0.0,2853.53,True,0,Non-Stop,67cb4c699a79
SCR_GF_1789117514_017,2026-09-11 14:35:07,2026-09-18,7,google_flights,DEL,BOM,DEL-BOM,DEL,BOM,Akasa Air,Akasa Air,QP 742,6:50 AM,9:10 AM,140,2 hr 20 min,Economy,6880.0,3995.81,1880.38,710.0,293.81,0.0,2884.19,True,0,Non-Stop,25bfbdf024cc
SCR_GF_1789117514_018,2026-09-11 14:35:07,2026-09-18,7,google_flights,DEL,BOM,DEL-BOM,DEL,BOM,Akasa Air,Akasa Air,QP 769,8:40 AM,11:05 AM,145,2 hr 25 min,Economy,6880.0,3995.81,1880.38,710.0,293.81,0.0,2884.19,True,0,Non-Stop,39f22a741456
SCR_GF_1789117514_019,2026-09-11 14:35:07,2026-09-18,7,google_flights,DEL,BOM,DEL-BOM,DEL,BOM,Akasa Air,Akasa Air,QP 796,9:20 AM,11:40 AM,140,2 hr 20 min,Economy,6880.0,3995.81,1880.38,710.0,293.81,0.0,2884.19,True,0,Non-Stop,c78ae4493fd6
SCR_GF_1789117514_020,2026-09-11 14:35:07,2026-09-18,7,google_flights,DEL,BOM,DEL-BOM,DEL,BOM,Akasa Air,Akasa Air,QP 823,10:30 AM,12:45 PM,135,2 hr 15 min,Economy,6880.0,3995.81,1880.38,710.0,293.81,0.0,2884.19,True,0,Non-Stop,ec6ffa571bd9
SCR_GF_1789117515_021,2026-09-11 14:35:07,2026-09-18,7,google_flights,DEL,BOM,DEL-BOM,DEL,BOM,Akasa Air,Akasa Air,QP 850,12:30 PM,2:55 PM,145,2 hr 25 min,Economy,6880.0,3995.81,1880.38,710.0,293.81,0.0,2884.19,True,0,Non-Stop,932a67057305
SCR_GF_1789117515_022,2026-09-11 14:35:07,2026-09-18,7,google_flights,DEL,BOM,DEL-BOM,DEL,BOM,IndiGo,IndiGo,6E 877,10:45 PM,1:05 AM,140,2 hr 20 min,Economy,7055.0,4109.14,1933.72,710.0,302.14,0.0,2945.86,True,0,Non-Stop,ddc00e967503
SCR_GF_1789117515_023,2026-09-11 14:35:07,2026-09-18,7,google_flights,DEL,BOM,DEL-BOM,DEL,BOM,IndiGo,IndiGo,6E 904,11:30 PM,1:45 AM,135,2 hr 15 min,Economy,7055.0,4109.14,1933.72,710.0,302.14,0.0,2945.86,True,0,Non-Stop,d8e34aa5f945
SCR_GF_1789117515_024,2026-09-11 14:35:07,2026-09-18,7,google_flights,DEL,BOM,DEL-BOM,DEL,BOM,Air India Express,Air India Express,IX 931,11:25 PM,1:50 AM,145,2 hr 25 min,Economy,7604.0,4464.69,2101.02,710.0,328.29,0.0,3139.31,True,0,Non-Stop,876384d11989
SCR_GF_1789117515_025,2026-09-11 14:35:07,2026-09-18,7,google_flights,DEL,BOM,DEL-BOM,DEL,BOM,IndiGo,IndiGo,6E 958,5:00 PM,7:15 PM,135,2 hr 15 min,Economy,7685.0,4517.14,2125.72,710.0,332.14,0.0,3167.86,True,0,Non-Stop,8a627e7fab00
SCR_GF_1789117515_026,2026-09-11 14:35:07,2026-09-18,7,google_flights,DEL,BOM,DEL-BOM,DEL,BOM,Akasa Air,Akasa Air,QP 985,5:30 PM,7:45 PM,135,2 hr 15 min,Economy,8419.0,4992.5,2349.4,710.0,367.1,0.0,3426.5,True,0,Non-Stop,8b09b80f8e7c
SCR_GF_1789117515_027,2026-09-11 14:35:07,2026-09-18,7,google_flights,DEL,BOM,DEL-BOM,DEL,BOM,Air India,Air India,AI 332,9:00 PM,11:20 PM,140,2 hr 20 min,Economy,9569.0,5737.26,2699.88,710.0,421.86,0.0,3831.74,True,0,Non-Stop,1e68713909ed
SCR_GF_1789117515_028,2026-09-11 14:35:07,2026-09-18,7,google_flights,DEL,BOM,DEL-BOM,DEL,BOM,Air India,Air India,AI 359,9:30 PM,11:55 PM,145,2 hr 25 min,Economy,9569.0,5737.26,2699.88,710.0,421.86,0.0,3831.74,True,0,Non-Stop,9f3ec23dbfa3
SCR_GF_1789117515_029,2026-09-11 14:35:07,2026-09-18,7,google_flights,DEL,BOM,DEL-BOM,DEL,BOM,Air India,Air India,AI 386,6:00 PM,8:25 PM,145,2 hr 25 min,Economy,10236.0,6169.22,2903.16,710.0,453.62,0.0,4066.78,True,0,Non-Stop,21b5fd8da364
SCR_GF_1789117515_030,2026-09-11 14:35:07,2026-09-18,7,google_flights,DEL,BOM,DEL-BOM,DEL,BOM,IndiGo,IndiGo,6E 413,6:00 PM,8:15 PM,135,2 hr 15 min,Economy,10363.0,6251.47,2941.86,710.0,459.67,0.0,4111.53,True,0,Non-Stop,76a3c2fed72e
SCR_GF_1789117515_031,2026-09-11 14:35:07,2026-09-18,7,google_flights,DEL,BOM,DEL-BOM,DEL,BOM,IndiGo,IndiGo,6E 440,8:45 PM,11:00 PM,135,2 hr 15 min,Economy,10363.0,6251.47,2941.86,710.0,459.67,0.0,4111.53,True,0,Non-Stop,f76c0693b481
SCR_GF_1789117515_032,2026-09-11 14:35:07,2026-09-18,7,google_flights,DEL,BOM,DEL-BOM,DEL,BOM,IndiGo,IndiGo,6E 467,9:45 PM,12:05 AM,140,2 hr 20 min,Economy,10363.0,6251.47,2941.86,710.0,459.67,0.0,4111.53,True,0,Non-Stop,891eda0d316e
SCR_GF_1789117515_033,2026-09-11 14:35:07,2026-09-18,7,google_flights,DEL,BOM,DEL-BOM,DEL,BOM,IndiGo,IndiGo,6E 494,7:00 PM,9:25 PM,145,2 hr 25 min,Economy,11203.0,6795.47,3197.86,710.0,499.67,0.0,4407.53,True,0,Non-Stop,d4b1bb309616
SCR_GF_1789117515_034,2026-09-11 14:35:07,2026-09-18,7,google_flights,DEL,BOM,DEL-BOM,DEL,BOM,IndiGo,IndiGo,6E 521,8:00 PM,10:10 PM,130,2 hr 10 min,Economy,11203.0,6795.47,3197.86,710.0,499.67,0.0,4407.53,True,0,Non-Stop,04e43bc51937
SCR_GF_1789117515_035,2026-09-11 14:35:07,2026-09-18,7,google_flights,DEL,BOM,DEL-BOM,DEL,BOM,Akasa Air,Akasa Air,QP 548,7:55 PM,10:20 PM,145,2 hr 25 min,Economy,11827.0,7199.58,3388.04,710.0,529.38,0.0,4627.42,True,0,Non-Stop,7a5fa84b4820
SCR_GF_1789117515_036,2026-09-11 14:35:07,2026-09-18,7,google_flights,DEL,BOM,DEL-BOM,DEL,BOM,Air India,Air India,AI 575,8:30 PM,11:05 PM,155,2 hr 35 min,Economy,12887.0,7886.06,3711.08,710.0,579.86,0.0,5000.94,True,0,Non-Stop,ae8d578f78d2
SCR_GF_1789117515_037,2026-09-11 14:35:07,2026-09-18,7,google_flights,DEL,BOM,DEL-BOM,DEL,BOM,Air India,Air India,AI 602,7:30 PM,9:55 PM,145,2 hr 25 min,Economy,13355.0,8189.14,3853.72,710.0,602.14,0.0,5165.86,True,0,Non-Stop,ff27b226eb32
SCR_GF_1789117515_038,2026-09-11 14:35:07,2026-09-18,7,google_flights,DEL,BOM,DEL-BOM,DEL,BOM,Air India,Air India,AI 629,7:00 PM,9:25 PM,145,2 hr 25 min,Economy,13822.0,8491.58,3996.04,710.0,624.38,0.0,5330.42,True,0,Non-Stop,e86893a17bf4
SCR_GF_1789117515_039,2026-09-11 14:35:07,2026-09-18,7,google_flights,DEL,BOM,DEL-BOM,DEL,BOM,SpiceJet,SpiceJet,SG 656,7:55 PM,10:40 PM,165,2 hr 45 min,Economy,22551.0,14144.65,6656.3,710.0,1040.05,0.0,8406.35,True,0,Non-Stop,b2f718c066e6
SCR_GF_1789117516_040,2026-09-11 14:35:07,2026-09-18,7,google_flights,DEL,BOM,DEL-BOM,DEL,BOM,Air India,Air India,AI 683,5:00 AM,7:20 AM,140,2 hr 20 min,Economy,7318.8,4279.98,2014.12,710.0,314.7,0.0,3038.82,True,0,Non-Stop,d8847ef6e925
SCR_GF_1789117516_041,2026-09-11 14:35:07,2026-09-18,7,google_flights,DEL,BOM,DEL-BOM,DEL,BOM,Air India,Air India,AI 710,6:30 AM,8:50 AM,140,2 hr 20 min,Economy,6420.0,3697.9,1740.2,710.0,271.9,0.0,2722.1,True,0,Non-Stop,f3d5b0748f4f
SCR_GF_1789117516_042,2026-09-11 14:35:07,2026-09-18,7,google_flights,DEL,BOM,DEL-BOM,DEL,BOM,Air India,Air India,AI 737,7:00 AM,9:25 AM,145,2 hr 25 min,Economy,6644.7,3843.42,1808.68,710.0,282.6,0.0,2801.28,True,0,Non-Stop,b0c968cc88be
SCR_GF_1789117517_043,2026-09-11 14:35:07,2026-09-18,7,google_flights,DEL,BOM,DEL-BOM,DEL,BOM,Air India,Air India,AI 764,7:30 AM,9:55 AM,145,2 hr 25 min,Economy,6869.4,3988.94,1877.16,710.0,293.3,0.0,2880.46,True,0,Non-Stop,49884496eeb7
SCR_GF_1789117517_044,2026-09-11 14:35:07,2026-09-18,7,google_flights,DEL,BOM,DEL-BOM,DEL,BOM,Air India,Air India,AI 791,8:30 AM,10:45 AM,135,2 hr 15 min,Economy,7094.1,4134.46,1945.64,710.0,304.0,0.0,2959.64,True,0,Non-Stop,2054eb46f703
SCR_GF_1789117517_045,2026-09-11 14:35:07,2026-09-18,7,google_flights,DEL,BOM,DEL-BOM,DEL,BOM,Air India,Air India,AI 818,9:30 AM,12:00 PM,150,2 hr 30 min,Economy,7318.8,4279.98,2014.12,710.0,314.7,0.0,3038.82,True,0,Non-Stop,3cb5555f3285
SCR_GF_1789117517_046,2026-09-11 14:35:07,2026-09-18,7,google_flights,DEL,BOM,DEL-BOM,DEL,BOM,Air India,Air India,AI 845,10:00 AM,12:25 PM,145,2 hr 25 min,Economy,6420.0,3697.9,1740.2,710.0,271.9,0.0,2722.1,True,0,Non-Stop,d32434f1b100
SCR_GF_1789117518_047,2026-09-11 14:35:07,2026-09-18,7,google_flights,DEL,BOM,DEL-BOM,DEL,BOM,Air India,Air India,AI 872,10:30 AM,12:50 PM,140,2 hr 20 min,Economy,6644.7,3843.42,1808.68,710.0,282.6,0.0,2801.28,True,0,Non-Stop,c887bbf0dea0
SCR_GF_1789117518_048,2026-09-11 14:35:07,2026-09-18,7,google_flights,DEL,BOM,DEL-BOM,DEL,BOM,Air India,Air India,AI 899,11:00 AM,1:25 PM,145,2 hr 25 min,Economy,6869.4,3988.94,1877.16,710.0,293.3,0.0,2880.46,True,0,Non-Stop,94bc948e5c92
SCR_GF_1789117518_049,2026-09-11 14:35:07,2026-09-18,7,google_flights,DEL,BOM,DEL-BOM,DEL,BOM,Air India,Air India,AI 926,12:00 PM,2:25 PM,145,2 hr 25 min,Economy,7094.1,4134.46,1945.64,710.0,304.0,0.0,2959.64,True,0,Non-Stop,467c5885f65e
SCR_GF_1789117518_050,2026-09-11 14:35:07,2026-09-18,7,google_flights,DEL,BOM,DEL-BOM,DEL,BOM,Air India,Air India,AI 953,1:30 PM,3:50 PM,140,2 hr 20 min,Economy,7318.8,4279.98,2014.12,710.0,314.7,0.0,3038.82,True,0,Non-Stop,7b2560085e7b
SCR_GF_1789117518_051,2026-09-11 14:35:07,2026-09-18,7,google_flights,DEL,BOM,DEL-BOM,DEL,BOM,Air India,Air India,AI 980,2:10 PM,4:30 PM,140,2 hr 20 min,Economy,6420.0,3697.9,1740.2,710.0,271.9,0.0,2722.1,True,0,Non-Stop,444f163ac86c
SCR_GF_1789117518_052,2026-09-11 14:35:07,2026-09-18,7,google_flights,DEL,BOM,DEL-BOM,DEL,BOM,Air India,Air India,AI 327,3:30 PM,5:55 PM,145,2 hr 25 min,Economy,6644.7,3843.42,1808.68,710.0,282.6,0.0,2801.28,True,0,Non-Stop,e212cfab9bab
SCR_GF_1789117519_053,2026-09-11 14:35:07,2026-09-18,7,google_flights,DEL,BOM,DEL-BOM,DEL,BOM,Air India,Air India,AI 354,4:00 PM,6:25 PM,145,2 hr 25 min,Economy,6869.4,3988.94,1877.16,710.0,293.3,0.0,2880.46,True,0,Non-Stop,ff65f075994e
SCR_GF_1789117519_054,2026-09-11 14:35:07,2026-09-18,7,google_flights,DEL,BOM,DEL-BOM,DEL,BOM,Air India,Air India,AI 381,4:30 PM,6:50 PM,140,2 hr 20 min,Economy,7094.1,4134.46,1945.64,710.0,304.0,0.0,2959.64,True,0,Non-Stop,aeb131035064
SCR_GF_1789117519_055,2026-09-11 14:35:07,2026-09-18,7,google_flights,DEL,BOM,DEL-BOM,DEL,BOM,Air India,Air India,AI 408,5:00 PM,7:25 PM,145,2 hr 25 min,Economy,7318.8,4279.98,2014.12,710.0,314.7,0.0,3038.82,True,0,Non-Stop,b09b2c583093
SCR_GF_1789117519_056,2026-09-11 14:35:07,2026-09-18,7,google_flights,DEL,BOM,DEL-BOM,DEL,BOM,Air India,Air India,AI 435,11:00 PM,1:25 AM,145,2 hr 25 min,Economy,6420.0,3697.9,1740.2,710.0,271.9,0.0,2722.1,True,0,Non-Stop,737280f9a8bc
SCR_GF_1789117519_057,2026-09-11 14:35:07,2026-09-18,7,google_flights,DEL,BOM,DEL-BOM,DEL,BOM,IndiGo,IndiGo,6E 462,2:45,5:00,135,2 hr 15 min,Economy,6425.0,3701.14,1741.72,710.0,272.14,0.0,2723.86,True,0,Non-Stop,ee5c9cf2dbce
SCR_GF_1789117519_058,2026-09-11 14:35:07,2026-09-18,7,google_flights,DEL,BOM,DEL-BOM,DEL,BOM,IndiGo,IndiGo,6E 489,5:35,8:05,150,2 hr 30 min,Economy,6610.0,3820.95,1798.1,710.0,280.95,0.0,2789.05,True,0,Non-Stop,31133aced90a
SCR_GF_1789117519_059,2026-09-11 14:35:07,2026-09-18,7,google_flights,DEL,BOM,DEL-BOM,DEL,BOM,IndiGo,IndiGo,6E 516,4:00,6:20,140,2 hr 20 min,Economy,6880.0,3995.81,1880.38,710.0,293.81,0.0,2884.19,True,0,Non-Stop,c1558f98d814
SCR_GF_1789117519_060,2026-09-11 14:35:07,2026-09-18,7,google_flights,DEL,BOM,DEL-BOM,DEL,BOM,IndiGo,IndiGo,6E 543,5:00,7:15,135,2 hr 15 min,Economy,6425.0,3701.14,1741.72,710.0,272.14,0.0,2723.86,True,0,Non-Stop,f1b7d3d012d8
SCR_GF_1789117519_061,2026-09-11 14:35:07,2026-09-18,7,google_flights,DEL,BOM,DEL-BOM,DEL,BOM,IndiGo,IndiGo,6E 570,8:45,11:00,135,2 hr 15 min,Economy,6425.0,3701.14,1741.72,710.0,272.14,0.0,2723.86,True,0,Non-Stop,1c52c9fc94fe
SCR_GF_1789117519_062,2026-09-11 14:35:07,2026-09-18,7,google_flights,DEL,BOM,DEL-BOM,DEL,BOM,IndiGo,IndiGo,6E 597,9:30,11:55,145,2 hr 25 min,Economy,6425.0,3701.14,1741.72,710.0,272.14,0.0,2723.86,True,0,Non-Stop,6f051c6ebb2b
SCR_GF_1789117519_063,2026-09-11 14:35:07,2026-09-18,7,google_flights,DEL,BOM,DEL-BOM,DEL,BOM,IndiGo,IndiGo,6E 624,10:15,12:35,140,2 hr 20 min,Economy,6425.0,3701.14,1741.72,710.0,272.14,0.0,2723.86,True,0,Non-Stop,bbbf84bfb4a3
SCR_GF_1789117519_064,2026-09-11 14:35:07,2026-09-18,7,google_flights,DEL,BOM,DEL-BOM,DEL,BOM,IndiGo,IndiGo,6E 651,11:00,1:15,135,2 hr 15 min,Economy,6425.0,3701.14,1741.72,710.0,272.14,0.0,2723.86,True,0,Non-Stop,025f3647b97d
SCR_GF_1789117519_065,2026-09-11 14:35:07,2026-09-18,7,google_flights,DEL,BOM,DEL-BOM,DEL,BOM,IndiGo,IndiGo,6E 678,12:00,2:15,135,2 hr 15 min,Economy,6425.0,3701.14,1741.72,710.0,272.14,0.0,2723.86,True,0,Non-Stop,dcdbaf5e565d
SCR_GF_1789117519_066,2026-09-11 14:35:07,2026-09-18,7,google_flights,DEL,BOM,DEL-BOM,DEL,BOM,IndiGo,IndiGo,6E 705,1:00,3:10,130,2 hr 10 min,Economy,6425.0,3701.14,1741.72,710.0,272.14,0.0,2723.86,True,0,Non-Stop,0dd783d95f74
SCR_GF_1789117520_067,2026-09-11 14:35:07,2026-09-18,7,google_flights,DEL,BOM,DEL-BOM,DEL,BOM,IndiGo,IndiGo,6E 732,2:00,4:25,145,2 hr 25 min,Economy,6425.0,3701.14,1741.72,710.0,272.14,0.0,2723.86,True,0,Non-Stop,e153b2a8ac4e
SCR_GF_1789117520_068,2026-09-11 14:35:07,2026-09-18,7,google_flights,DEL,BOM,DEL-BOM,DEL,BOM,IndiGo,IndiGo,6E 759,3:30,5:45,135,2 hr 15 min,Economy,6425.0,3701.14,1741.72,710.0,272.14,0.0,2723.86,True,0,Non-Stop,6f714b299134
SCR_GF_1789117520_069,2026-09-11 14:35:07,2026-09-18,7,google_flights,DEL,BOM,DEL-BOM,DEL,BOM,IndiGo,IndiGo,6E 786,6:05,8:20,135,2 hr 15 min,Economy,6583.0,3803.47,1789.86,710.0,279.67,0.0,2779.53,True,0,Non-Stop,118a4f7a5c8a
SCR_GF_1789117520_070,2026-09-11 14:35:07,2026-09-18,7,google_flights,DEL,BOM,DEL-BOM,DEL,BOM,IndiGo,IndiGo,6E 813,4:15,6:35,140,2 hr 20 min,Economy,6583.0,3803.47,1789.86,710.0,279.67,0.0,2779.53,True,0,Non-Stop,7d9258059d6b
SCR_GF_1789117520_071,2026-09-11 14:35:07,2026-09-18,7,google_flights,DEL,BOM,DEL-BOM,DEL,BOM,IndiGo,IndiGo,6E 840,7:15,9:30,135,2 hr 15 min,Economy,6793.0,3939.47,1853.86,710.0,289.67,0.0,2853.53,True,0,Non-Stop,c1a363db9a81
SCR_GF_1789117520_072,2026-09-11 14:35:07,2026-09-18,7,google_flights,DEL,BOM,DEL-BOM,DEL,BOM,IndiGo,IndiGo,6E 867,8:00,10:20,140,2 hr 20 min,Economy,6793.0,3939.47,1853.86,710.0,289.67,0.0,2853.53,True,0,Non-Stop,d8815013ec41
SCR_GF_1789117520_073,2026-09-11 14:35:07,2026-09-18,7,google_flights,DEL,BOM,DEL-BOM,DEL,BOM,IndiGo,IndiGo,6E 894,6:50,9:10,140,2 hr 20 min,Economy,6880.0,3995.81,1880.38,710.0,293.81,0.0,2884.19,True,0,Non-Stop,9827f8372944
SCR_GF_1789117520_074,2026-09-11 14:35:07,2026-09-18,7,google_flights,DEL,BOM,DEL-BOM,DEL,BOM,IndiGo,IndiGo,6E 921,8:40,11:05,145,2 hr 25 min,Economy,6880.0,3995.81,1880.38,710.0,293.81,0.0,2884.19,True,0,Non-Stop,fe7c2c099ed3
SCR_GF_1789117520_075,2026-09-11 14:35:07,2026-09-18,7,google_flights,DEL,BOM,DEL-BOM,DEL,BOM,IndiGo,IndiGo,6E 948,9:20,11:40,140,2 hr 20 min,Economy,6880.0,3995.81,1880.38,710.0,293.81,0.0,2884.19,True,0,Non-Stop,1e9252d17491
SCR_GF_1789117520_076,2026-09-11 14:35:07,2026-09-18,7,google_flights,DEL,BOM,DEL-BOM,DEL,BOM,IndiGo,IndiGo,6E 975,10:30,12:45,135,2 hr 15 min,Economy,6880.0,3995.81,1880.38,710.0,293.81,0.0,2884.19,True,0,Non-Stop,c44fbef2fe82
SCR_GF_1789117520_077,2026-09-11 14:35:07,2026-09-18,7,google_flights,DEL,BOM,DEL-BOM,DEL,BOM,IndiGo,IndiGo,6E 322,12:30,2:55,145,2 hr 25 min,Economy,6880.0,3995.81,1880.38,710.0,293.81,0.0,2884.19,True,0,Non-Stop,7dd1a2ff769b
SCR_GF_1789117520_078,2026-09-11 14:35:07,2026-09-18,7,google_flights,DEL,BOM,DEL-BOM,DEL,BOM,IndiGo,IndiGo,6E 349,10:45,1:05,140,2 hr 20 min,Economy,7055.0,4109.14,1933.72,710.0,302.14,0.0,2945.86,True,0,Non-Stop,2eecd3eb062f
SCR_GF_1789117520_079,2026-09-11 14:35:07,2026-09-18,7,google_flights,DEL,BOM,DEL-BOM,DEL,BOM,IndiGo,IndiGo,6E 376,11:30,1:45,135,2 hr 15 min,Economy,7055.0,4109.14,1933.72,710.0,302.14,0.0,2945.86,True,0,Non-Stop,65b5df7e3dde
SCR_GF_1789117520_080,2026-09-11 14:35:07,2026-09-18,7,google_flights,DEL,BOM,DEL-BOM,DEL,BOM,IndiGo,IndiGo,6E 403,11:25,1:50,145,2 hr 25 min,Economy,7604.0,4464.69,2101.02,710.0,328.29,0.0,3139.31,True,0,Non-Stop,f57850782fc9
SCR_GF_1789117520_081,2026-09-11 14:35:07,2026-09-18,7,google_flights,DEL,BOM,DEL-BOM,DEL,BOM,IndiGo,IndiGo,6E 430,5:00,7:15,135,2 hr 15 min,Economy,7685.0,4517.14,2125.72,710.0,332.14,0.0,3167.86,True,0,Non-Stop,56e1ce676e0b
SCR_GF_1789117520_082,2026-09-11 14:35:07,2026-09-18,7,google_flights,DEL,BOM,DEL-BOM,DEL,BOM,IndiGo,IndiGo,6E 457,5:30,7:45,135,2 hr 15 min,Economy,8419.0,4992.5,2349.4,710.0,367.1,0.0,3426.5,True,0,Non-Stop,5e7dbadb160e
SCR_GF_1789117520_083,2026-09-11 14:35:07,2026-09-18,7,google_flights,DEL,BOM,DEL-BOM,DEL,BOM,IndiGo,IndiGo,6E 484,9:00,11:20,140,2 hr 20 min,Economy,9569.0,5737.26,2699.88,710.0,421.86,0.0,3831.74,True,0,Non-Stop,49c91038b367
SCR_GF_1789117520_084,2026-09-11 14:35:07,2026-09-18,7,google_flights,DEL,BOM,DEL-BOM,DEL,BOM,IndiGo,IndiGo,6E 511,9:30,11:55,145,2 hr 25 min,Economy,9569.0,5737.26,2699.88,710.0,421.86,0.0,3831.74,True,0,Non-Stop,7259cb29201e
SCR_GF_1789117520_085,2026-09-11 14:35:07,2026-09-18,7,google_flights,DEL,BOM,DEL-BOM,DEL,BOM,IndiGo,IndiGo,6E 538,6:00,8:25,145,2 hr 25 min,Economy,10236.0,6169.22,2903.16,710.0,453.62,0.0,4066.78,True,0,Non-Stop,82f199b61c0b
SCR_GF_1789117520_086,2026-09-11 14:35:07,2026-09-18,7,google_flights,DEL,BOM,DEL-BOM,DEL,BOM,IndiGo,IndiGo,6E 565,6:00,8:15,135,2 hr 15 min,Economy,10363.0,6251.47,2941.86,710.0,459.67,0.0,4111.53,True,0,Non-Stop,06df6c7cf682
SCR_GF_1789117520_087,2026-09-11 14:35:07,2026-09-18,7,google_flights,DEL,BOM,DEL-BOM,DEL,BOM,IndiGo,IndiGo,6E 592,8:45,11:00,135,2 hr 15 min,Economy,10363.0,6251.47,2941.86,710.0,459.67,0.0,4111.53,True,0,Non-Stop,498ccd82abbe
SCR_GF_1789117520_088,2026-09-11 14:35:07,2026-09-18,7,google_flights,DEL,BOM,DEL-BOM,DEL,BOM,IndiGo,IndiGo,6E 619,9:45,12:05,140,2 hr 20 min,Economy,10363.0,6251.47,2941.86,710.0,459.67,0.0,4111.53,True,0,Non-Stop,f8c316b2e2eb
SCR_GF_1789117520_089,2026-09-11 14:35:07,2026-09-18,7,google_flights,DEL,BOM,DEL-BOM,DEL,BOM,IndiGo,IndiGo,6E 646,7:00,9:25,145,2 hr 25 min,Economy,11203.0,6795.47,3197.86,710.0,499.67,0.0,4407.53,True,0,Non-Stop,8b149a8b18d9
SCR_GF_1789117520_090,2026-09-11 14:35:07,2026-09-18,7,google_flights,DEL,BOM,DEL-BOM,DEL,BOM,IndiGo,IndiGo,6E 673,8:00,10:10,130,2 hr 10 min,Economy,11203.0,6795.47,3197.86,710.0,499.67,0.0,4407.53,True,0,Non-Stop,f99a88b8dae0
SCR_GF_1789117520_091,2026-09-11 14:35:07,2026-09-18,7,google_flights,DEL,BOM,DEL-BOM,DEL,BOM,IndiGo,IndiGo,6E 700,7:55,10:20,145,2 hr 25 min,Economy,11827.0,7199.58,3388.04,710.0,529.38,0.0,4627.42,True,0,Non-Stop,29489a66b79f
SCR_GF_1789117520_092,2026-09-11 14:35:07,2026-09-18,7,google_flights,DEL,BOM,DEL-BOM,DEL,BOM,IndiGo,IndiGo,6E 727,8:30,11:05,155,2 hr 35 min,Economy,12887.0,7886.06,3711.08,710.0,579.86,0.0,5000.94,True,0,Non-Stop,5f44f7e817f8
SCR_GF_1789117520_093,2026-09-11 14:35:07,2026-09-18,7,google_flights,DEL,BOM,DEL-BOM,DEL,BOM,IndiGo,IndiGo,6E 754,7:30,9:55,145,2 hr 25 min,Economy,13355.0,8189.14,3853.72,710.0,602.14,0.0,5165.86,True,0,Non-Stop,1b72b3477773
SCR_GF_1789117520_094,2026-09-11 14:35:07,2026-09-18,7,google_flights,DEL,BOM,DEL-BOM,DEL,BOM,IndiGo,IndiGo,6E 781,7:00,9:25,145,2 hr 25 min,Economy,13822.0,8491.58,3996.04,710.0,624.38,0.0,5330.42,True,0,Non-Stop,21ec03791d98
SCR_GF_1789117520_095,2026-09-11 14:35:07,2026-09-18,7,google_flights,DEL,BOM,DEL-BOM,DEL,BOM,IndiGo,IndiGo,6E 808,7:55,10:40,165,2 hr 45 min,Economy,22551.0,14144.65,6656.3,710.0,1040.05,0.0,8406.35,True,0,Non-Stop,ef13751e4ce3
SCR_GF_1789117521_096,2026-09-11 14:35:07,2026-09-18,7,google_flights,DEL,BOM,DEL-BOM,DEL,BOM,IndiGo,IndiGo,6E 835,5:00,7:20,140,2 hr 20 min,Economy,6420.0,3697.9,1740.2,710.0,271.9,0.0,2722.1,True,0,Non-Stop,3297c348a862
SCR_GF_1789117521_097,2026-09-11 14:35:07,2026-09-18,7,google_flights,DEL,BOM,DEL-BOM,DEL,BOM,IndiGo,IndiGo,6E 862,6:30,8:50,140,2 hr 20 min,Economy,6644.7,3843.42,1808.68,710.0,282.6,0.0,2801.28,True,0,Non-Stop,7b22e6652a88
SCR_GF_1789117521_098,2026-09-11 14:35:07,2026-09-18,7,google_flights,DEL,BOM,DEL-BOM,DEL,BOM,IndiGo,IndiGo,6E 889,7:00,9:25,145,2 hr 25 min,Economy,6869.4,3988.94,1877.16,710.0,293.3,0.0,2880.46,True,0,Non-Stop,f2e8a1d6a705
SCR_GF_1789117521_099,2026-09-11 14:35:07,2026-09-18,7,google_flights,DEL,BOM,DEL-BOM,DEL,BOM,IndiGo,IndiGo,6E 916,7:30,9:55,145,2 hr 25 min,Economy,7094.1,4134.46,1945.64,710.0,304.0,0.0,2959.64,True,0,Non-Stop,a0d17b613df0
SCR_GF_1789117521_100,2026-09-11 14:35:07,2026-09-18,7,google_flights,DEL,BOM,DEL-BOM,DEL,BOM,IndiGo,IndiGo,6E 943,8:30,10:45,135,2 hr 15 min,Economy,7318.8,4279.98,2014.12,710.0,314.7,0.0,3038.82,True,0,Non-Stop,9cc0244417f1
SCR_GF_1789117521_101,2026-09-11 14:35:07,2026-09-18,7,google_flights,DEL,BOM,DEL-BOM,DEL,BOM,IndiGo,IndiGo,6E 970,9:30,12:00,150,2 hr 30 min,Economy,6420.0,3697.9,1740.2,710.0,271.9,0.0,2722.1,True,0,Non-Stop,7c92b89b5e05
SCR_GF_1789117522_102,2026-09-11 14:35:07,2026-09-18,7,google_flights,DEL,BOM,DEL-BOM,DEL,BOM,IndiGo,IndiGo,6E 317,10:00,12:25,145,2 hr 25 min,Economy,6644.7,3843.42,1808.68,710.0,282.6,0.0,2801.28,True,0,Non-Stop,6b80980dda66
SCR_GF_1789117522_103,2026-09-11 14:35:07,2026-09-18,7,google_flights,DEL,BOM,DEL-BOM,DEL,BOM,IndiGo,IndiGo,6E 344,10:30,12:50,140,2 hr 20 min,Economy,6869.4,3988.94,1877.16,710.0,293.3,0.0,2880.46,True,0,Non-Stop,db3e0a9d1d41
SCR_GF_1789117522_104,2026-09-11 14:35:07,2026-09-18,7,google_flights,DEL,BOM,DEL-BOM,DEL,BOM,IndiGo,IndiGo,6E 371,11:00,1:25,145,2 hr 25 min,Economy,7094.1,4134.46,1945.64,710.0,304.0,0.0,2959.64,True,0,Non-Stop,e5d90533be8f
SCR_GF_1789117522_105,2026-09-11 14:35:07,2026-09-18,7,google_flights,DEL,BOM,DEL-BOM,DEL,BOM,IndiGo,IndiGo,6E 398,12:00,2:25,145,2 hr 25 min,Economy,7318.8,4279.98,2014.12,710.0,314.7,0.0,3038.82,True,0,Non-Stop,5d5b86fbccaf
SCR_GF_1789117522_106,2026-09-11 14:35:07,2026-09-18,7,google_flights,DEL,BOM,DEL-BOM,DEL,BOM,IndiGo,IndiGo,6E 425,1:30,3:50,140,2 hr 20 min,Economy,6420.0,3697.9,1740.2,710.0,271.9,0.0,2722.1,True,0,Non-Stop,d1a839c95a94
SCR_GF_1789117523_107,2026-09-11 14:35:07,2026-09-18,7,google_flights,DEL,BOM,DEL-BOM,DEL,BOM,IndiGo,IndiGo,6E 452,2:10,4:30,140,2 hr 20 min,Economy,6644.7,3843.42,1808.68,710.0,282.6,0.0,2801.28,True,0,Non-Stop,b1f22c983d6d
SCR_GF_1789117523_108,2026-09-11 14:35:07,2026-09-18,7,google_flights,DEL,BOM,DEL-BOM,DEL,BOM,IndiGo,IndiGo,6E 479,3:30,5:55,145,2 hr 25 min,Economy,6869.4,3988.94,1877.16,710.0,293.3,0.0,2880.46,True,0,Non-Stop,bf69ac7ebc26
SCR_GF_1789117523_109,2026-09-11 14:35:07,2026-09-18,7,google_flights,DEL,BOM,DEL-BOM,DEL,BOM,IndiGo,IndiGo,6E 506,4:00,6:25,145,2 hr 25 min,Economy,7094.1,4134.46,1945.64,710.0,304.0,0.0,2959.64,True,0,Non-Stop,d64acd5054fb
SCR_GF_1789117523_110,2026-09-11 14:35:07,2026-09-18,7,google_flights,DEL,BOM,DEL-BOM,DEL,BOM,IndiGo,IndiGo,6E 533,4:30,6:50,140,2 hr 20 min,Economy,7318.8,4279.98,2014.12,710.0,314.7,0.0,3038.82,True,0,Non-Stop,0955cc558de6
SCR_GF_1789117523_111,2026-09-11 14:35:07,2026-09-18,7,google_flights,DEL,BOM,DEL-BOM,DEL,BOM,IndiGo,IndiGo,6E 560,5:00,7:25,145,2 hr 25 min,Economy,6420.0,3697.9,1740.2,710.0,271.9,0.0,2722.1,True,0,Non-Stop,3297c348a862
SCR_GF_1789117523_112,2026-09-11 14:35:07,2026-09-18,7,google_flights,DEL,BOM,DEL-BOM,DEL,BOM,IndiGo,IndiGo,6E 587,11:00,1:25,145,2 hr 25 min,Economy,6644.7,3843.42,1808.68,710.0,282.6,0.0,2801.28,True,0,Non-Stop,434221985a27
SCR_GF_1789117531_001,2026-09-11 14:35:25,2026-09-26,15,google_flights,DEL,BOM,DEL-BOM,DEL,BOM,Air India,Air India,AI 310,11:00 PM,1:25 AM,145,2 hr 25 min,Economy,6314.0,3629.26,1707.88,710.0,266.86,0.0,2684.74,True,0,Non-Stop,fe99c343ebbb
SCR_GF_1789117531_002,2026-09-11 14:35:25,2026-09-26,15,google_flights,DEL,BOM,DEL-BOM,DEL,BOM,IndiGo,IndiGo,6E 337,6:00 PM,8:15 PM,135,2 hr 15 min,Economy,6425.0,3701.14,1741.72,710.0,272.14,0.0,2723.86,True,0,Non-Stop,2046c4293861
SCR_GF_1789117531_003,2026-09-11 14:35:25,2026-09-26,15,google_flights,DEL,BOM,DEL-BOM,DEL,BOM,Akasa Air,Akasa Air,QP 364,5:30 PM,7:45 PM,135,2 hr 15 min,Economy,6880.0,3995.81,1880.38,710.0,293.81,0.0,2884.19,True,0,Non-Stop,7a8a4eb09cf6
SCR_GF_1789117531_004,2026-09-11 14:35:25,2026-09-26,15,google_flights,DEL,BOM,DEL-BOM,DEL,BOM,IndiGo,IndiGo,6E 391,7:15 AM,9:30 AM,135,2 hr 15 min,Economy,6425.0,3701.14,1741.72,710.0,272.14,0.0,2723.86,True,0,Non-Stop,2f720f1cc027
SCR_GF_1789117531_005,2026-09-11 14:35:25,2026-09-26,15,google_flights,DEL,BOM,DEL-BOM,DEL,BOM,IndiGo,IndiGo,6E 418,8:00 AM,10:20 AM,140,2 hr 20 min,Economy,6425.0,3701.14,1741.72,710.0,272.14,0.0,2723.86,True,0,Non-Stop,aefa11c3ddaf
SCR_GF_1789117532_006,2026-09-11 14:35:25,2026-09-26,15,google_flights,DEL,BOM,DEL-BOM,DEL,BOM,IndiGo,IndiGo,6E 445,8:45 AM,11:00 AM,135,2 hr 15 min,Economy,6425.0,3701.14,1741.72,710.0,272.14,0.0,2723.86,True,0,Non-Stop,2f8ebaa13018
SCR_GF_1789117532_007,2026-09-11 14:35:25,2026-09-26,15,google_flights,DEL,BOM,DEL-BOM,DEL,BOM,IndiGo,IndiGo,6E 472,9:30 AM,11:55 AM,145,2 hr 25 min,Economy,6425.0,3701.14,1741.72,710.0,272.14,0.0,2723.86,True,0,Non-Stop,4c430b152ecc
SCR_GF_1789117532_008,2026-09-11 14:35:25,2026-09-26,15,google_flights,DEL,BOM,DEL-BOM,DEL,BOM,IndiGo,IndiGo,6E 499,10:15 AM,12:35 PM,140,2 hr 20 min,Economy,6425.0,3701.14,1741.72,710.0,272.14,0.0,2723.86,True,0,Non-Stop,2a5f07fa6432
SCR_GF_1789117532_009,2026-09-11 14:35:25,2026-09-26,15,google_flights,DEL,BOM,DEL-BOM,DEL,BOM,IndiGo,IndiGo,6E 526,11:00 AM,1:15 PM,135,2 hr 15 min,Economy,6425.0,3701.14,1741.72,710.0,272.14,0.0,2723.86,True,0,Non-Stop,f3a155a9b59a
SCR_GF_1789117532_010,2026-09-11 14:35:25,2026-09-26,15,google_flights,DEL,BOM,DEL-BOM,DEL,BOM,IndiGo,IndiGo,6E 553,12:00 PM,2:15 PM,135,2 hr 15 min,Economy,6425.0,3701.14,1741.72,710.0,272.14,0.0,2723.86,True,0,Non-Stop,15a1a3dadce4
SCR_GF_1789117532_011,2026-09-11 14:35:25,2026-09-26,15,google_flights,DEL,BOM,DEL-BOM,DEL,BOM,IndiGo,IndiGo,6E 580,1:00 PM,3:10 PM,130,2 hr 10 min,Economy,6425.0,3701.14,1741.72,710.0,272.14,0.0,2723.86,True,0,Non-Stop,5c88ec58b431
SCR_GF_1789117532_012,2026-09-11 14:35:25,2026-09-26,15,google_flights,DEL,BOM,DEL-BOM,DEL,BOM,IndiGo,IndiGo,6E 607,2:00 PM,4:25 PM,145,2 hr 25 min,Economy,6425.0,3701.14,1741.72,710.0,272.14,0.0,2723.86,True,0,Non-Stop,f18ce090a32a
SCR_GF_1789117532_013,2026-09-11 14:35:25,2026-09-26,15,google_flights,DEL,BOM,DEL-BOM,DEL,BOM,IndiGo,IndiGo,6E 634,2:45 PM,5:00 PM,135,2 hr 15 min,Economy,6425.0,3701.14,1741.72,710.0,272.14,0.0,2723.86,True,0,Non-Stop,e86f6320c70b
SCR_GF_1789117532_014,2026-09-11 14:35:25,2026-09-26,15,google_flights,DEL,BOM,DEL-BOM,DEL,BOM,IndiGo,IndiGo,6E 661,3:30 PM,5:45 PM,135,2 hr 15 min,Economy,6425.0,3701.14,1741.72,710.0,272.14,0.0,2723.86,True,0,Non-Stop,5e92e26199b5
SCR_GF_1789117532_015,2026-09-11 14:35:25,2026-09-26,15,google_flights,DEL,BOM,DEL-BOM,DEL,BOM,IndiGo,IndiGo,6E 688,4:15 PM,6:35 PM,140,2 hr 20 min,Economy,6425.0,3701.14,1741.72,710.0,272.14,0.0,2723.86,True,0,Non-Stop,f4a1b2dc2030
SCR_GF_1789117532_016,2026-09-11 14:35:25,2026-09-26,15,google_flights,DEL,BOM,DEL-BOM,DEL,BOM,IndiGo,IndiGo,6E 715,5:00 PM,7:15 PM,135,2 hr 15 min,Economy,6425.0,3701.14,1741.72,710.0,272.14,0.0,2723.86,True,0,Non-Stop,ab4449b08724
SCR_GF_1789117532_017,2026-09-11 14:35:25,2026-09-26,15,google_flights,DEL,BOM,DEL-BOM,DEL,BOM,IndiGo,IndiGo,6E 742,10:45 PM,1:05 AM,140,2 hr 20 min,Economy,6425.0,3701.14,1741.72,710.0,272.14,0.0,2723.86,True,0,Non-Stop,2c15d001074f
SCR_GF_1789117532_018,2026-09-11 14:35:25,2026-09-26,15,google_flights,DEL,BOM,DEL-BOM,DEL,BOM,IndiGo,IndiGo,6E 769,11:30 PM,1:45 AM,135,2 hr 15 min,Economy,6425.0,3701.14,1741.72,710.0,272.14,0.0,2723.86,True,0,Non-Stop,8f5e4d35f615
SCR_GF_1789117532_019,2026-09-11 14:35:25,2026-09-26,15,google_flights,DEL,BOM,DEL-BOM,DEL,BOM,IndiGo,IndiGo,6E 796,5:00 AM,7:15 AM,135,2 hr 15 min,Economy,6583.0,3803.47,1789.86,710.0,279.67,0.0,2779.53,True,0,Non-Stop,56bce0f623c1
SCR_GF_1789117532_020,2026-09-11 14:35:25,2026-09-26,15,google_flights,DEL,BOM,DEL-BOM,DEL,BOM,IndiGo,IndiGo,6E 823,6:05 AM,8:20 AM,135,2 hr 15 min,Economy,6583.0,3803.47,1789.86,710.0,279.67,0.0,2779.53,True,0,Non-Stop,d8c4638b41de
SCR_GF_1789117532_021,2026-09-11 14:35:25,2026-09-26,15,google_flights,DEL,BOM,DEL-BOM,DEL,BOM,IndiGo,IndiGo,6E 850,7:00 PM,9:25 PM,145,2 hr 25 min,Economy,6583.0,3803.47,1789.86,710.0,279.67,0.0,2779.53,True,0,Non-Stop,2be85d73e733
SCR_GF_1789117532_022,2026-09-11 14:35:25,2026-09-26,15,google_flights,DEL,BOM,DEL-BOM,DEL,BOM,IndiGo,IndiGo,6E 877,9:45 PM,12:05 AM,140,2 hr 20 min,Economy,6583.0,3803.47,1789.86,710.0,279.67,0.0,2779.53,True,0,Non-Stop,2afb49e715ab
SCR_GF_1789117532_023,2026-09-11 14:35:25,2026-09-26,15,google_flights,DEL,BOM,DEL-BOM,DEL,BOM,Air India,Air India,AI 904,7:30 PM,9:55 PM,145,2 hr 25 min,Economy,6740.0,3905.14,1837.72,710.0,287.14,0.0,2834.86,True,0,Non-Stop,6c322380c514
SCR_GF_1789117532_024,2026-09-11 14:35:25,2026-09-26,15,google_flights,DEL,BOM,DEL-BOM,DEL,BOM,Air India,Air India,AI 931,8:30 PM,11:05 PM,155,2 hr 35 min,Economy,6740.0,3905.14,1837.72,710.0,287.14,0.0,2834.86,True,0,Non-Stop,dd9dff18d94c
SCR_GF_1789117532_025,2026-09-11 14:35:25,2026-09-26,15,google_flights,DEL,BOM,DEL-BOM,DEL,BOM,Air India,Air India,AI 958,9:30 PM,11:55 PM,145,2 hr 25 min,Economy,6740.0,3905.14,1837.72,710.0,287.14,0.0,2834.86,True,0,Non-Stop,0f9259fafd44
SCR_GF_1789117532_026,2026-09-11 14:35:25,2026-09-26,15,google_flights,DEL,BOM,DEL-BOM,DEL,BOM,IndiGo,IndiGo,6E 985,8:00 PM,10:10 PM,130,2 hr 10 min,Economy,6793.0,3939.47,1853.86,710.0,289.67,0.0,2853.53,True,0,Non-Stop,af9cdf6c9213
SCR_GF_1789117532_027,2026-09-11 14:35:25,2026-09-26,15,google_flights,DEL,BOM,DEL-BOM,DEL,BOM,Akasa Air,Akasa Air,QP 332,6:50 AM,9:10 AM,140,2 hr 20 min,Economy,6880.0,3995.81,1880.38,710.0,293.81,0.0,2884.19,True,0,Non-Stop,91616089699e
SCR_GF_1789117532_028,2026-09-11 14:35:25,2026-09-26,15,google_flights,DEL,BOM,DEL-BOM,DEL,BOM,Akasa Air,Akasa Air,QP 359,8:40 AM,11:05 AM,145,2 hr 25 min,Economy,6880.0,3995.81,1880.38,710.0,293.81,0.0,2884.19,True,0,Non-Stop,59b868911033
SCR_GF_1789117532_029,2026-09-11 14:35:25,2026-09-26,15,google_flights,DEL,BOM,DEL-BOM,DEL,BOM,Akasa Air,Akasa Air,QP 386,9:20 AM,11:40 AM,140,2 hr 20 min,Economy,6880.0,3995.81,1880.38,710.0,293.81,0.0,2884.19,True,0,Non-Stop,3be4d2b6faee
SCR_GF_1789117532_030,2026-09-11 14:35:25,2026-09-26,15,google_flights,DEL,BOM,DEL-BOM,DEL,BOM,Akasa Air,Akasa Air,QP 413,10:30 AM,12:45 PM,135,2 hr 15 min,Economy,6880.0,3995.81,1880.38,710.0,293.81,0.0,2884.19,True,0,Non-Stop,b226b6b0a455
SCR_GF_1789117532_031,2026-09-11 14:35:25,2026-09-26,15,google_flights,DEL,BOM,DEL-BOM,DEL,BOM,Akasa Air,Akasa Air,QP 440,12:30 PM,2:55 PM,145,2 hr 25 min,Economy,6880.0,3995.81,1880.38,710.0,293.81,0.0,2884.19,True,0,Non-Stop,0973bbe158ac
SCR_GF_1789117532_032,2026-09-11 14:35:25,2026-09-26,15,google_flights,DEL,BOM,DEL-BOM,DEL,BOM,Akasa Air,Akasa Air,QP 467,4:00 PM,6:20 PM,140,2 hr 20 min,Economy,6880.0,3995.81,1880.38,710.0,293.81,0.0,2884.19,True,0,Non-Stop,7663ddf8f19b
SCR_GF_1789117533_033,2026-09-11 14:35:25,2026-09-26,15,google_flights,DEL,BOM,DEL-BOM,DEL,BOM,Akasa Air,Akasa Air,QP 494,7:55 PM,10:20 PM,145,2 hr 25 min,Economy,6880.0,3995.81,1880.38,710.0,293.81,0.0,2884.19,True,0,Non-Stop,f69cabba080d
SCR_GF_1789117533_034,2026-09-11 14:35:25,2026-09-26,15,google_flights,DEL,BOM,DEL-BOM,DEL,BOM,Air India,Air India,AI 521,6:30 AM,8:50 AM,140,2 hr 20 min,Economy,6950.0,4041.14,1901.72,710.0,297.14,0.0,2908.86,True,0,Non-Stop,3fecd4af650a
SCR_GF_1789117533_035,2026-09-11 14:35:25,2026-09-26,15,google_flights,DEL,BOM,DEL-BOM,DEL,BOM,Air India,Air India,AI 548,1:30 PM,3:50 PM,140,2 hr 20 min,Economy,7391.0,4326.74,2036.12,710.0,318.14,0.0,3064.26,True,0,Non-Stop,e2a2261213f6
SCR_GF_1789117533_036,2026-09-11 14:35:25,2026-09-26,15,google_flights,DEL,BOM,DEL-BOM,DEL,BOM,Air India Express,Air India Express,IX 575,11:25 PM,1:50 AM,145,2 hr 25 min,Economy,8052.0,4754.82,2237.56,710.0,349.62,0.0,3297.18,True,0,Non-Stop,39a4eb88133f
SCR_GF_1789117533_037,2026-09-11 14:35:25,2026-09-26,15,google_flights,DEL,BOM,DEL-BOM,DEL,BOM,SpiceJet,SpiceJet,SG 602,9:50 AM,12:25 PM,155,2 hr 35 min,Economy,8140.0,4811.81,2264.38,710.0,353.81,0.0,3328.19,True,0,Non-Stop,9c4200e8f8a3
SCR_GF_1789117533_038,2026-09-11 14:35:25,2026-09-26,15,google_flights,DEL,BOM,DEL-BOM,DEL,BOM,Air India,Air India,AI 629,5:00 AM,7:20 AM,140,2 hr 20 min,Economy,6869.4,3988.94,1877.16,710.0,293.3,0.0,2880.46,True,0,Non-Stop,3d4316843444
SCR_GF_1789117533_039,2026-09-11 14:35:25,2026-09-26,15,google_flights,DEL,BOM,DEL-BOM,DEL,BOM,Air India,Air India,AI 656,7:00 AM,9:25 AM,145,2 hr 25 min,Economy,7094.1,4134.46,1945.64,710.0,304.0,0.0,2959.64,True,0,Non-Stop,3466e47e5979
SCR_GF_1789117533_040,2026-09-11 14:35:25,2026-09-26,15,google_flights,DEL,BOM,DEL-BOM,DEL,BOM,Air India,Air India,AI 683,7:30 AM,9:55 AM,145,2 hr 25 min,Economy,7318.8,4279.98,2014.12,710.0,314.7,0.0,3038.82,True,0,Non-Stop,be2b1a4bbe24
SCR_GF_1789117533_041,2026-09-11 14:35:25,2026-09-26,15,google_flights,DEL,BOM,DEL-BOM,DEL,BOM,Air India,Air India,AI 710,8:30 AM,10:45 AM,135,2 hr 15 min,Economy,6420.0,3697.9,1740.2,710.0,271.9,0.0,2722.1,True,0,Non-Stop,9df1bf24d189
SCR_GF_1789117534_042,2026-09-11 14:35:25,2026-09-26,15,google_flights,DEL,BOM,DEL-BOM,DEL,BOM,Air India,Air India,AI 737,9:00 AM,11:15 AM,135,2 hr 15 min,Economy,6644.7,3843.42,1808.68,710.0,282.6,0.0,2801.28,True,0,Non-Stop,2f8a581f467a
SCR_GF_1789117534_043,2026-09-11 14:35:25,2026-09-26,15,google_flights,DEL,BOM,DEL-BOM,DEL,BOM,Air India,Air India,AI 764,9:30 AM,12:00 PM,150,2 hr 30 min,Economy,6869.4,3988.94,1877.16,710.0,293.3,0.0,2880.46,True,0,Non-Stop,d840c09cb779
SCR_GF_1789117534_044,2026-09-11 14:35:25,2026-09-26,15,google_flights,DEL,BOM,DEL-BOM,DEL,BOM,Air India,Air India,AI 791,10:00 AM,12:25 PM,145,2 hr 25 min,Economy,7094.1,4134.46,1945.64,710.0,304.0,0.0,2959.64,True,0,Non-Stop,ce44b9ca7acd
SCR_GF_1789117534_045,2026-09-11 14:35:25,2026-09-26,15,google_flights,DEL,BOM,DEL-BOM,DEL,BOM,Air India,Air India,AI 818,10:30 AM,12:50 PM,140,2 hr 20 min,Economy,7318.8,4279.98,2014.12,710.0,314.7,0.0,3038.82,True,0,Non-Stop,c5b40ce53577
SCR_GF_1789117534_046,2026-09-11 14:35:25,2026-09-26,15,google_flights,DEL,BOM,DEL-BOM,DEL,BOM,Air India,Air India,AI 845,11:00 AM,1:25 PM,145,2 hr 25 min,Economy,6420.0,3697.9,1740.2,710.0,271.9,0.0,2722.1,True,0,Non-Stop,abc45798af0a
SCR_GF_1789117535_047,2026-09-11 14:35:25,2026-09-26,15,google_flights,DEL,BOM,DEL-BOM,DEL,BOM,Air India,Air India,AI 872,12:00 PM,2:25 PM,145,2 hr 25 min,Economy,6644.7,3843.42,1808.68,710.0,282.6,0.0,2801.28,True,0,Non-Stop,a0c12ee30e79
SCR_GF_1789117535_048,2026-09-11 14:35:25,2026-09-26,15,google_flights,DEL,BOM,DEL-BOM,DEL,BOM,Air India,Air India,AI 899,3:30 PM,5:55 PM,145,2 hr 25 min,Economy,6869.4,3988.94,1877.16,710.0,293.3,0.0,2880.46,True,0,Non-Stop,a0da1a7bdd35
SCR_GF_1789117535_049,2026-09-11 14:35:25,2026-09-26,15,google_flights,DEL,BOM,DEL-BOM,DEL,BOM,Air India,Air India,AI 926,4:00 PM,6:25 PM,145,2 hr 25 min,Economy,7094.1,4134.46,1945.64,710.0,304.0,0.0,2959.64,True,0,Non-Stop,71592a11bafd
SCR_GF_1789117535_050,2026-09-11 14:35:25,2026-09-26,15,google_flights,DEL,BOM,DEL-BOM,DEL,BOM,Air India,Air India,AI 953,4:30 PM,6:50 PM,140,2 hr 20 min,Economy,7318.8,4279.98,2014.12,710.0,314.7,0.0,3038.82,True,0,Non-Stop,b3a45f55a1f3
SCR_GF_1789117535_051,2026-09-11 14:35:25,2026-09-26,15,google_flights,DEL,BOM,DEL-BOM,DEL,BOM,Air India,Air India,AI 980,5:00 PM,7:25 PM,145,2 hr 25 min,Economy,6420.0,3697.9,1740.2,710.0,271.9,0.0,2722.1,True,0,Non-Stop,72d982ab5cdf
SCR_GF_1789117535_052,2026-09-11 14:35:25,2026-09-26,15,google_flights,DEL,BOM,DEL-BOM,DEL,BOM,Air India,Air India,AI 327,6:00 PM,8:25 PM,145,2 hr 25 min,Economy,6644.7,3843.42,1808.68,710.0,282.6,0.0,2801.28,True,0,Non-Stop,dbaa3a578ba3
SCR_GF_1789117536_053,2026-09-11 14:35:25,2026-09-26,15,google_flights,DEL,BOM,DEL-BOM,DEL,BOM,Air India,Air India,AI 354,7:00 PM,9:25 PM,145,2 hr 25 min,Economy,6869.4,3988.94,1877.16,710.0,293.3,0.0,2880.46,True,0,Non-Stop,662e9ff9cc3d
SCR_GF_1789117536_054,2026-09-11 14:35:25,2026-09-26,15,google_flights,DEL,BOM,DEL-BOM,DEL,BOM,Air India,Air India,AI 381,9:00 PM,11:20 PM,140,2 hr 20 min,Economy,7094.1,4134.46,1945.64,710.0,304.0,0.0,2959.64,True,0,Non-Stop,3760f9d9019f
SCR_GF_1789117536_055,2026-09-11 14:35:25,2026-09-26,15,google_flights,DEL,BOM,DEL-BOM,DEL,BOM,IndiGo,IndiGo,6E 408,11:00,1:25,145,2 hr 25 min,Economy,6314.0,3629.26,1707.88,710.0,266.86,0.0,2684.74,True,0,Non-Stop,0d0192432ab6
SCR_GF_1789117536_056,2026-09-11 14:35:25,2026-09-26,15,google_flights,DEL,BOM,DEL-BOM,DEL,BOM,IndiGo,IndiGo,6E 435,6:00,8:15,135,2 hr 15 min,Economy,6425.0,3701.14,1741.72,710.0,272.14,0.0,2723.86,True,0,Non-Stop,3189f364b473
SCR_GF_1789117536_057,2026-09-11 14:35:25,2026-09-26,15,google_flights,DEL,BOM,DEL-BOM,DEL,BOM,IndiGo,IndiGo,6E 462,5:30,7:45,135,2 hr 15 min,Economy,6880.0,3995.81,1880.38,710.0,293.81,0.0,2884.19,True,0,Non-Stop,c082a2a1c5c0
SCR_GF_1789117536_058,2026-09-11 14:35:25,2026-09-26,15,google_flights,DEL,BOM,DEL-BOM,DEL,BOM,IndiGo,IndiGo,6E 489,7:15,9:30,135,2 hr 15 min,Economy,6425.0,3701.14,1741.72,710.0,272.14,0.0,2723.86,True,0,Non-Stop,2f3736b7e42a
SCR_GF_1789117536_059,2026-09-11 14:35:25,2026-09-26,15,google_flights,DEL,BOM,DEL-BOM,DEL,BOM,IndiGo,IndiGo,6E 516,8:00,10:20,140,2 hr 20 min,Economy,6425.0,3701.14,1741.72,710.0,272.14,0.0,2723.86,True,0,Non-Stop,258c8b153432
SCR_GF_1789117536_060,2026-09-11 14:35:25,2026-09-26,15,google_flights,DEL,BOM,DEL-BOM,DEL,BOM,IndiGo,IndiGo,6E 543,8:45,11:00,135,2 hr 15 min,Economy,6425.0,3701.14,1741.72,710.0,272.14,0.0,2723.86,True,0,Non-Stop,1a1380e33b70
SCR_GF_1789117536_061,2026-09-11 14:35:25,2026-09-26,15,google_flights,DEL,BOM,DEL-BOM,DEL,BOM,IndiGo,IndiGo,6E 570,9:30,11:55,145,2 hr 25 min,Economy,6425.0,3701.14,1741.72,710.0,272.14,0.0,2723.86,True,0,Non-Stop,1ae37eecd8bf
SCR_GF_1789117536_062,2026-09-11 14:35:25,2026-09-26,15,google_flights,DEL,BOM,DEL-BOM,DEL,BOM,IndiGo,IndiGo,6E 597,10:15,12:35,140,2 hr 20 min,Economy,6425.0,3701.14,1741.72,710.0,272.14,0.0,2723.86,True,0,Non-Stop,ae43e6af0405
SCR_GF_1789117536_063,2026-09-11 14:35:25,2026-09-26,15,google_flights,DEL,BOM,DEL-BOM,DEL,BOM,IndiGo,IndiGo,6E 624,11:00,1:15,135,2 hr 15 min,Economy,6425.0,3701.14,1741.72,710.0,272.14,0.0,2723.86,True,0,Non-Stop,a9c589c02b01
SCR_GF_1789117536_064,2026-09-11 14:35:25,2026-09-26,15,google_flights,DEL,BOM,DEL-BOM,DEL,BOM,IndiGo,IndiGo,6E 651,12:00,2:15,135,2 hr 15 min,Economy,6425.0,3701.14,1741.72,710.0,272.14,0.0,2723.86,True,0,Non-Stop,b290aac641ae
SCR_GF_1789117536_065,2026-09-11 14:35:25,2026-09-26,15,google_flights,DEL,BOM,DEL-BOM,DEL,BOM,IndiGo,IndiGo,6E 678,1:00,3:10,130,2 hr 10 min,Economy,6425.0,3701.14,1741.72,710.0,272.14,0.0,2723.86,True,0,Non-Stop,e64e0b75a3d3
SCR_GF_1789117536_066,2026-09-11 14:35:25,2026-09-26,15,google_flights,DEL,BOM,DEL-BOM,DEL,BOM,IndiGo,IndiGo,6E 705,2:00,4:25,145,2 hr 25 min,Economy,6425.0,3701.14,1741.72,710.0,272.14,0.0,2723.86,True,0,Non-Stop,ccb045d4229f
SCR_GF_1789117536_067,2026-09-11 14:35:25,2026-09-26,15,google_flights,DEL,BOM,DEL-BOM,DEL,BOM,IndiGo,IndiGo,6E 732,2:45,5:00,135,2 hr 15 min,Economy,6425.0,3701.14,1741.72,710.0,272.14,0.0,2723.86,True,0,Non-Stop,07682ffc1c2d
SCR_GF_1789117536_068,2026-09-11 14:35:25,2026-09-26,15,google_flights,DEL,BOM,DEL-BOM,DEL,BOM,IndiGo,IndiGo,6E 759,3:30,5:45,135,2 hr 15 min,Economy,6425.0,3701.14,1741.72,710.0,272.14,0.0,2723.86,True,0,Non-Stop,9f8871590949
SCR_GF_1789117536_069,2026-09-11 14:35:25,2026-09-26,15,google_flights,DEL,BOM,DEL-BOM,DEL,BOM,IndiGo,IndiGo,6E 786,4:15,6:35,140,2 hr 20 min,Economy,6425.0,3701.14,1741.72,710.0,272.14,0.0,2723.86,True,0,Non-Stop,ef36b67cfa94
SCR_GF_1789117536_070,2026-09-11 14:35:25,2026-09-26,15,google_flights,DEL,BOM,DEL-BOM,DEL,BOM,IndiGo,IndiGo,6E 813,5:00,7:15,135,2 hr 15 min,Economy,6425.0,3701.14,1741.72,710.0,272.14,0.0,2723.86,True,0,Non-Stop,ce79a73a985e
SCR_GF_1789117536_071,2026-09-11 14:35:25,2026-09-26,15,google_flights,DEL,BOM,DEL-BOM,DEL,BOM,IndiGo,IndiGo,6E 840,10:45,1:05,140,2 hr 20 min,Economy,6425.0,3701.14,1741.72,710.0,272.14,0.0,2723.86,True,0,Non-Stop,3654fe95d888
SCR_GF_1789117536_072,2026-09-11 14:35:25,2026-09-26,15,google_flights,DEL,BOM,DEL-BOM,DEL,BOM,IndiGo,IndiGo,6E 867,11:30,1:45,135,2 hr 15 min,Economy,6425.0,3701.14,1741.72,710.0,272.14,0.0,2723.86,True,0,Non-Stop,a66aaee989c3
SCR_GF_1789117537_073,2026-09-11 14:35:25,2026-09-26,15,google_flights,DEL,BOM,DEL-BOM,DEL,BOM,IndiGo,IndiGo,6E 894,5:00,7:15,135,2 hr 15 min,Economy,6583.0,3803.47,1789.86,710.0,279.67,0.0,2779.53,True,0,Non-Stop,19bfb30a8ebb
SCR_GF_1789117537_074,2026-09-11 14:35:25,2026-09-26,15,google_flights,DEL,BOM,DEL-BOM,DEL,BOM,IndiGo,IndiGo,6E 921,6:05,8:20,135,2 hr 15 min,Economy,6583.0,3803.47,1789.86,710.0,279.67,0.0,2779.53,True,0,Non-Stop,c6ea4c392721
SCR_GF_1789117537_075,2026-09-11 14:35:25,2026-09-26,15,google_flights,DEL,BOM,DEL-BOM,DEL,BOM,IndiGo,IndiGo,6E 948,7:00,9:25,145,2 hr 25 min,Economy,6583.0,3803.47,1789.86,710.0,279.67,0.0,2779.53,True,0,Non-Stop,6f403fa84a0e
SCR_GF_1789117537_076,2026-09-11 14:35:25,2026-09-26,15,google_flights,DEL,BOM,DEL-BOM,DEL,BOM,IndiGo,IndiGo,6E 975,9:45,12:05,140,2 hr 20 min,Economy,6583.0,3803.47,1789.86,710.0,279.67,0.0,2779.53,True,0,Non-Stop,7f87f224f6bb
SCR_GF_1789117537_077,2026-09-11 14:35:25,2026-09-26,15,google_flights,DEL,BOM,DEL-BOM,DEL,BOM,IndiGo,IndiGo,6E 322,7:30,9:55,145,2 hr 25 min,Economy,6740.0,3905.14,1837.72,710.0,287.14,0.0,2834.86,True,0,Non-Stop,742540628c9a
SCR_GF_1789117537_078,2026-09-11 14:35:25,2026-09-26,15,google_flights,DEL,BOM,DEL-BOM,DEL,BOM,IndiGo,IndiGo,6E 349,8:30,11:05,155,2 hr 35 min,Economy,6740.0,3905.14,1837.72,710.0,287.14,0.0,2834.86,True,0,Non-Stop,4d46c2e82e7b
SCR_GF_1789117537_079,2026-09-11 14:35:25,2026-09-26,15,google_flights,DEL,BOM,DEL-BOM,DEL,BOM,IndiGo,IndiGo,6E 376,9:30,11:55,145,2 hr 25 min,Economy,6740.0,3905.14,1837.72,710.0,287.14,0.0,2834.86,True,0,Non-Stop,4704ea3a578d
SCR_GF_1789117537_080,2026-09-11 14:35:25,2026-09-26,15,google_flights,DEL,BOM,DEL-BOM,DEL,BOM,IndiGo,IndiGo,6E 403,8:00,10:10,130,2 hr 10 min,Economy,6793.0,3939.47,1853.86,710.0,289.67,0.0,2853.53,True,0,Non-Stop,77396674e3c5
SCR_GF_1789117537_081,2026-09-11 14:35:25,2026-09-26,15,google_flights,DEL,BOM,DEL-BOM,DEL,BOM,IndiGo,IndiGo,6E 430,6:50,9:10,140,2 hr 20 min,Economy,6880.0,3995.81,1880.38,710.0,293.81,0.0,2884.19,True,0,Non-Stop,428ff63cc8f4
SCR_GF_1789117537_082,2026-09-11 14:35:25,2026-09-26,15,google_flights,DEL,BOM,DEL-BOM,DEL,BOM,IndiGo,IndiGo,6E 457,8:40,11:05,145,2 hr 25 min,Economy,6880.0,3995.81,1880.38,710.0,293.81,0.0,2884.19,True,0,Non-Stop,50ec422023cf
SCR_GF_1789117537_083,2026-09-11 14:35:25,2026-09-26,15,google_flights,DEL,BOM,DEL-BOM,DEL,BOM,IndiGo,IndiGo,6E 484,9:20,11:40,140,2 hr 20 min,Economy,6880.0,3995.81,1880.38,710.0,293.81,0.0,2884.19,True,0,Non-Stop,293750026996
SCR_GF_1789117537_084,2026-09-11 14:35:25,2026-09-26,15,google_flights,DEL,BOM,DEL-BOM,DEL,BOM,IndiGo,IndiGo,6E 511,10:30,12:45,135,2 hr 15 min,Economy,6880.0,3995.81,1880.38,710.0,293.81,0.0,2884.19,True,0,Non-Stop,13701ae852f0
SCR_GF_1789117537_085,2026-09-11 14:35:25,2026-09-26,15,google_flights,DEL,BOM,DEL-BOM,DEL,BOM,IndiGo,IndiGo,6E 538,12:30,2:55,145,2 hr 25 min,Economy,6880.0,3995.81,1880.38,710.0,293.81,0.0,2884.19,True,0,Non-Stop,0f060ab88aee
SCR_GF_1789117537_086,2026-09-11 14:35:25,2026-09-26,15,google_flights,DEL,BOM,DEL-BOM,DEL,BOM,IndiGo,IndiGo,6E 565,4:00,6:20,140,2 hr 20 min,Economy,6880.0,3995.81,1880.38,710.0,293.81,0.0,2884.19,True,0,Non-Stop,6679516d206a
SCR_GF_1789117537_087,2026-09-11 14:35:25,2026-09-26,15,google_flights,DEL,BOM,DEL-BOM,DEL,BOM,IndiGo,IndiGo,6E 592,7:55,10:20,145,2 hr 25 min,Economy,6880.0,3995.81,1880.38,710.0,293.81,0.0,2884.19,True,0,Non-Stop,b1f083982d0b
SCR_GF_1789117537_088,2026-09-11 14:35:25,2026-09-26,15,google_flights,DEL,BOM,DEL-BOM,DEL,BOM,IndiGo,IndiGo,6E 619,6:30,8:50,140,2 hr 20 min,Economy,6950.0,4041.14,1901.72,710.0,297.14,0.0,2908.86,True,0,Non-Stop,55638406bd9b
SCR_GF_1789117537_089,2026-09-11 14:35:25,2026-09-26,15,google_flights,DEL,BOM,DEL-BOM,DEL,BOM,IndiGo,IndiGo,6E 646,1:30,3:50,140,2 hr 20 min,Economy,7391.0,4326.74,2036.12,710.0,318.14,0.0,3064.26,True,0,Non-Stop,02798b307413
SCR_GF_1789117537_090,2026-09-11 14:35:25,2026-09-26,15,google_flights,DEL,BOM,DEL-BOM,DEL,BOM,IndiGo,IndiGo,6E 673,11:25,1:50,145,2 hr 25 min,Economy,8052.0,4754.82,2237.56,710.0,349.62,0.0,3297.18,True,0,Non-Stop,5285668ca5f7
SCR_GF_1789117537_091,2026-09-11 14:35:25,2026-09-26,15,google_flights,DEL,BOM,DEL-BOM,DEL,BOM,IndiGo,IndiGo,6E 700,9:50,12:25,155,2 hr 35 min,Economy,8140.0,4811.81,2264.38,710.0,353.81,0.0,3328.19,True,0,Non-Stop,6f11252ffa15
SCR_GF_1789117537_092,2026-09-11 14:35:25,2026-09-26,15,google_flights,DEL,BOM,DEL-BOM,DEL,BOM,IndiGo,IndiGo,6E 727,5:00,7:20,140,2 hr 20 min,Economy,6644.7,3843.42,1808.68,710.0,282.6,0.0,2801.28,True,0,Non-Stop,639d1303b2db
SCR_GF_1789117538_093,2026-09-11 14:35:25,2026-09-26,15,google_flights,DEL,BOM,DEL-BOM,DEL,BOM,IndiGo,IndiGo,6E 754,7:00,9:25,145,2 hr 25 min,Economy,6869.4,3988.94,1877.16,710.0,293.3,0.0,2880.46,True,0,Non-Stop,9d8c43c0ec8d
SCR_GF_1789117538_094,2026-09-11 14:35:25,2026-09-26,15,google_flights,DEL,BOM,DEL-BOM,DEL,BOM,IndiGo,IndiGo,6E 781,7:30,9:55,145,2 hr 25 min,Economy,7094.1,4134.46,1945.64,710.0,304.0,0.0,2959.64,True,0,Non-Stop,8b91e124e6e0
SCR_GF_1789117538_095,2026-09-11 14:35:25,2026-09-26,15,google_flights,DEL,BOM,DEL-BOM,DEL,BOM,IndiGo,IndiGo,6E 808,8:30,10:45,135,2 hr 15 min,Economy,7318.8,4279.98,2014.12,710.0,314.7,0.0,3038.82,True,0,Non-Stop,17f91207d8f9
SCR_GF_1789117538_096,2026-09-11 14:35:25,2026-09-26,15,google_flights,DEL,BOM,DEL-BOM,DEL,BOM,IndiGo,IndiGo,6E 835,9:00,11:15,135,2 hr 15 min,Economy,6420.0,3697.9,1740.2,710.0,271.9,0.0,2722.1,True,0,Non-Stop,e3971f5718f8
SCR_GF_1789117538_097,2026-09-11 14:35:25,2026-09-26,15,google_flights,DEL,BOM,DEL-BOM,DEL,BOM,IndiGo,IndiGo,6E 862,9:30,12:00,150,2 hr 30 min,Economy,6644.7,3843.42,1808.68,710.0,282.6,0.0,2801.28,True,0,Non-Stop,86bf7db90bd4
SCR_GF_1789117539_098,2026-09-11 14:35:25,2026-09-26,15,google_flights,DEL,BOM,DEL-BOM,DEL,BOM,IndiGo,IndiGo,6E 889,10:00,12:25,145,2 hr 25 min,Economy,6869.4,3988.94,1877.16,710.0,293.3,0.0,2880.46,True,0,Non-Stop,b39c0278852a
SCR_GF_1789117539_099,2026-09-11 14:35:25,2026-09-26,15,google_flights,DEL,BOM,DEL-BOM,DEL,BOM,IndiGo,IndiGo,6E 916,10:30,12:50,140,2 hr 20 min,Economy,7094.1,4134.46,1945.64,710.0,304.0,0.0,2959.64,True,0,Non-Stop,ae0a08bb8888
SCR_GF_1789117539_100,2026-09-11 14:35:25,2026-09-26,15,google_flights,DEL,BOM,DEL-BOM,DEL,BOM,IndiGo,IndiGo,6E 943,11:00,1:25,145,2 hr 25 min,Economy,7318.8,4279.98,2014.12,710.0,314.7,0.0,3038.82,True,0,Non-Stop,645328eedc49
SCR_GF_1789117539_101,2026-09-11 14:35:25,2026-09-26,15,google_flights,DEL,BOM,DEL-BOM,DEL,BOM,IndiGo,IndiGo,6E 970,12:00,2:25,145,2 hr 25 min,Economy,6420.0,3697.9,1740.2,710.0,271.9,0.0,2722.1,True,0,Non-Stop,ce94fd26c92a
SCR_GF_1789117539_102,2026-09-11 14:35:25,2026-09-26,15,google_flights,DEL,BOM,DEL-BOM,DEL,BOM,IndiGo,IndiGo,6E 317,3:30,5:55,145,2 hr 25 min,Economy,6644.7,3843.42,1808.68,710.0,282.6,0.0,2801.28,True,0,Non-Stop,b034959f9af8
SCR_GF_1789117539_103,2026-09-11 14:35:25,2026-09-26,15,google_flights,DEL,BOM,DEL-BOM,DEL,BOM,IndiGo,IndiGo,6E 344,4:00,6:25,145,2 hr 25 min,Economy,6869.4,3988.94,1877.16,710.0,293.3,0.0,2880.46,True,0,Non-Stop,c3f13ddf48ea
SCR_GF_1789117540_104,2026-09-11 14:35:25,2026-09-26,15,google_flights,DEL,BOM,DEL-BOM,DEL,BOM,IndiGo,IndiGo,6E 371,4:30,6:50,140,2 hr 20 min,Economy,7094.1,4134.46,1945.64,710.0,304.0,0.0,2959.64,True,0,Non-Stop,ae7e0dacb52a
SCR_GF_1789117540_105,2026-09-11 14:35:25,2026-09-26,15,google_flights,DEL,BOM,DEL-BOM,DEL,BOM,IndiGo,IndiGo,6E 398,5:00,7:25,145,2 hr 25 min,Economy,7318.8,4279.98,2014.12,710.0,314.7,0.0,3038.82,True,0,Non-Stop,8e56b530b1c8
SCR_GF_1789117540_106,2026-09-11 14:35:25,2026-09-26,15,google_flights,DEL,BOM,DEL-BOM,DEL,BOM,IndiGo,IndiGo,6E 425,6:00,8:25,145,2 hr 25 min,Economy,6420.0,3697.9,1740.2,710.0,271.9,0.0,2722.1,True,0,Non-Stop,c7c005a6b714
SCR_GF_1789117540_107,2026-09-11 14:35:25,2026-09-26,15,google_flights,DEL,BOM,DEL-BOM,DEL,BOM,IndiGo,IndiGo,6E 452,7:00,9:25,145,2 hr 25 min,Economy,6644.7,3843.42,1808.68,710.0,282.6,0.0,2801.28,True,0,Non-Stop,f1f43a48f653
SCR_GF_1789117540_108,2026-09-11 14:35:25,2026-09-26,15,google_flights,DEL,BOM,DEL-BOM,DEL,BOM,IndiGo,IndiGo,6E 479,9:00,11:20,140,2 hr 20 min,Economy,6869.4,3988.94,1877.16,710.0,293.3,0.0,2880.46,True,0,Non-Stop,decc3fbd49f0
